ancestor,browser,browser_normalized,build,creation_time,details_url,duration,end_time,error,id,name,os,os_normalized,owner,start_time,status,da_app_release,da_app_build,parent_suite
VR1,Firefox 113.0,Firefox 113.0,2980,2023-06-19T12:15:45+00:00,https://api.us-west-4-i3er.saucelabs.com/rest/v1.1/jobs/f0380f323b8a472db9039333cb3de31c,59,2023-06-19T12:16:45+00:00,No Error,f0380f323b8a472db9039333cb3de31c,test_shareBuildResult,Windows,Windows 10,mittalp21,2023-06-19T12:15:46+00:00,passed,test_v5_7_2,946,EmailNotification
VR1,Firefox 113.0,Firefox 113.0,2979,2023-06-19T12:13:06+00:00,https://api.us-west-4-i3er.saucelabs.com/rest/v1.1/jobs/4cb4dac085d9424680cfc814e9feda6f,96,2023-06-19T12:14:43+00:00,No Error,4cb4dac085d9424680cfc814e9feda6f,test_DA3783_Verify_ResultsAreDisplayedAfterRun,Windows,Windows 10,mittalp21,2023-06-19T12:13:07+00:00,passed,test_v5_7_2,946,AssayMultiplexingCheck
VR1,Firefox 113.0,Firefox 113.0,2979,2023-06-19T12:12:11+00:00,https://api.us-west-4-i3er.saucelabs.com/rest/v1.1/jobs/3bf2c9f770cc42aeaa2182e417c58e99,58,2023-06-19T12:13:09+00:00,No Error,3bf2c9f770cc42aeaa2182e417c58e99,test_DA3727_Verify_ErrMsgForUnsupportedAppTypes,Windows,Windows 10,mittalp21,2023-06-19T12:12:11+00:00,passed,test_v5_7_2,946,AssayMultiplexingCheck
VR1,Chrome 114.0,Chrome 114.0,2979,2023-06-19T12:10:54+00:00,https://api.us-west-4-i3er.saucelabs.com/rest/v1.1/jobs/cfd25213fc3e4542955dfa2a9fd5769b,80,2023-06-19T12:12:15+00:00,No Error,cfd25213fc3e4542955dfa2a9fd5769b,test_DA3745_Verify_SoftWarningDisplayedWhenSameFluor,Windows,Windows 10,mittalp21,2023-06-19T12:10:55+00:00,failed,test_v5_7_2,946,AssayMultiplexingCheck
VR1,Safari 14.0,Safari 14.0,2978,2023-06-19T12:06:07+00:00,https://api.us-west-4-i3er.saucelabs.com/rest/v1.1/jobs/7c60dcd25d6c465d8176077408cc8416,229,2023-06-19T12:09:57+00:00,No Error,7c60dcd25d6c465d8176077408cc8416,test_DA3291_Verify_CreatedRetiredAssay,macOS Big,macOS Big Sur,mittalp21,2023-06-19T12:06:08+00:00,failed,test_v5_7_2,946,AssayManagementTests
VR1,Edge 113.0,Edge 113.0,2978,2023-06-19T12:03:09+00:00,https://api.us-west-4-i3er.saucelabs.com/rest/v1.1/jobs/4771ee800a0e466ca2c4b2a10e081fc0,179,2023-06-19T12:06:09+00:00,No Error,4771ee800a0e466ca2c4b2a10e081fc0,test_DA3294_Verify_RetiredAssay_TabsHide_NoBuyOptions_WetLabValidated,Windows,Windows 10,mittalp21,2023-06-19T12:03:10+00:00,passed,test_v5_7_2,946,AssayManagementTests
VR1,Firefox 113.0,Firefox 113.0,2978,2023-06-19T11:59:55+00:00,https://api.us-west-4-i3er.saucelabs.com/rest/v1.1/jobs/cda2c091395e4c39a0628ea5b69275c9,198,2023-06-19T12:03:14+00:00,No Error,cda2c091395e4c39a0628ea5b69275c9,test_DA3309_Verify_Search_Candidates_For_Retirement,Windows,Windows 10,mittalp21,2023-06-19T11:59:56+00:00,passed,test_v5_7_2,946,AssayManagementTests
VR1,Chrome 114.0,Chrome 114.0,2978,2023-06-19T11:56:15+00:00,https://api.us-west-4-i3er.saucelabs.com/rest/v1.1/jobs/49793e911c7a4f34aa55d07d5b317e3a,225,2023-06-19T12:00:01+00:00,No Error,49793e911c7a4f34aa55d07d5b317e3a,test_DA3169_Verify_Search_By_Genome,Windows,Windows 10,mittalp21,2023-06-19T11:56:16+00:00,passed,test_v5_7_2,946,AssayManagementTests
VR1,Safari 14.0,Safari 14.0,2978,2023-06-19T11:55:02+00:00,https://api.us-west-4-i3er.saucelabs.com/rest/v1.1/jobs/87d789420d4645dd85caec9a85d5b4a9,77,2023-06-19T11:56:20+00:00,No Error,87d789420d4645dd85caec9a85d5b4a9,test_DA3156_Verify_FromRetRequest_SetBackToActive,macOS Big,macOS Big Sur,mittalp21,2023-06-19T11:55:03+00:00,passed,test_v5_7_2,946,AssayManagementTests
VR1,Edge 113.0,Edge 113.0,2978,2023-06-19T11:52:39+00:00,https://api.us-west-4-i3er.saucelabs.com/rest/v1.1/jobs/771747e550774820b87e4a34cb67a0a5,149,2023-06-19T11:55:09+00:00,No Error,771747e550774820b87e4a34cb67a0a5,test_DA3268_Verify_ErrorForInvalidReplacementId,Windows,Windows 10,mittalp21,2023-06-19T11:52:40+00:00,passed,test_v5_7_2,946,AssayManagementTests
VR1,Firefox 113.0,Firefox 113.0,2978,2023-06-19T11:49:47+00:00,https://api.us-west-4-i3er.saucelabs.com/rest/v1.1/jobs/b0cdb5e71167487889c7ec06bc7e80c5,175,2023-06-19T11:52:43+00:00,No Error,b0cdb5e71167487889c7ec06bc7e80c5,test_DA3164_Verify_Search_By_Identifier,Windows,Windows 10,mittalp21,2023-06-19T11:49:48+00:00,passed,test_v5_7_2,946,AssayManagementTests
VR1,Chrome 114.0,Chrome 114.0,2978,2023-06-19T11:47:46+00:00,https://api.us-west-4-i3er.saucelabs.com/rest/v1.1/jobs/2a63879b8c594adfa4790848abaab6fb,124,2023-06-19T11:49:51+00:00,No Error,2a63879b8c594adfa4790848abaab6fb,test_DA3245_Verify_RequestForRetire_WithId,Windows,Windows 10,mittalp21,2023-06-19T11:47:47+00:00,passed,test_v5_7_2,946,AssayManagementTests
VR1,Safari 14.0,Safari 14.0,2978,2023-06-19T11:45:29+00:00,https://api.us-west-4-i3er.saucelabs.com/rest/v1.1/jobs/928bea22c1cc41deac4d9ce3523c3be3,143,2023-06-19T11:47:53+00:00,No Error,928bea22c1cc41deac4d9ce3523c3be3,test_DA3148_Verify_RequestForRetire_WithoutId,macOS Big,macOS Big Sur,mittalp21,2023-06-19T11:45:30+00:00,passed,test_v5_7_2,946,AssayManagementTests
VR1,Edge 113.0,Edge 113.0,2978,2023-06-19T11:42:25+00:00,https://api.us-west-4-i3er.saucelabs.com/rest/v1.1/jobs/fe78a9cf2c0f44acae1b3ffe8ab46715,187,2023-06-19T11:45:33+00:00,No Error,fe78a9cf2c0f44acae1b3ffe8ab46715,test_DA3313_Verify_RequestForRet_Retirement_SetActive_WithId,Windows,Windows 10,mittalp21,2023-06-19T11:42:26+00:00,passed,test_v5_7_2,946,AssayManagementTests
VR1,Firefox 113.0,Firefox 113.0,2978,2023-06-19T11:39:44+00:00,https://api.us-west-4-i3er.saucelabs.com/rest/v1.1/jobs/73cab0a306394298a7be4c17feb11b65,165,2023-06-19T11:42:30+00:00,No Error,73cab0a306394298a7be4c17feb11b65,test_DA3161_DA3314_Verify_RequestForRet_Retirement_SetActive_WithoutId,Windows,Windows 10,mittalp21,2023-06-19T11:39:45+00:00,passed,test_v5_7_2,946,AssayManagementTests
VR1,Chrome 114.0,Chrome 114.0,2978,2023-06-19T11:37:28+00:00,https://api.us-west-4-i3er.saucelabs.com/rest/v1.1/jobs/9f6d514761d14fcb8b6c283485717a61,139,2023-06-19T11:39:48+00:00,No Error,9f6d514761d14fcb8b6c283485717a61,test_DA3162_Verify_ListOfRetirementCandidates,Windows,Windows 10,mittalp21,2023-06-19T11:37:29+00:00,passed,test_v5_7_2,946,AssayManagementTests
VR1,Chrome 114.0,Chrome 114.0,2977,2023-06-19T11:32:56+00:00,https://api.us-west-4-i3er.saucelabs.com/rest/v1.1/jobs/4d63f01b27cf4589ac1e32e2ff7756b5,214,2023-06-19T11:36:30+00:00,No Error,4d63f01b27cf4589ac1e32e2ff7756b5,test_DA2627_SameAndNewAssays_SharedToMulti_Users,Windows,Windows 10,mittalp21,2023-06-19T11:32:56+00:00,passed,test_v5_7_2,946,AssaySharing
VR1,Edge 113.0,Edge 113.0,2977,2023-06-19T11:30:34+00:00,https://api.us-west-4-i3er.saucelabs.com/rest/v1.1/jobs/5025a844e2b449fc898d5d4295d72f5e,144,2023-06-19T11:32:59+00:00,No Error,5025a844e2b449fc898d5d4295d72f5e,test_DA2652_Error_Message_Displayed_For_Multiple_Invalid_Usernames,Windows,Windows 10,mittalp21,2023-06-19T11:30:35+00:00,failed,test_v5_7_2,946,AssaySharing
VR1,Firefox 113.0,Firefox 113.0,2977,2023-06-19T11:27:24+00:00,https://api.us-west-4-i3er.saucelabs.com/rest/v1.1/jobs/e0779a9d1ee6454e8afe7da3de0ce974,195,2023-06-19T11:30:39+00:00,No Error,e0779a9d1ee6454e8afe7da3de0ce974,test_DA2631_User_Can_Share_Multiple_Public_Assays,Windows,Windows 10,mittalp21,2023-06-19T11:27:24+00:00,passed,test_v5_7_2,946,AssaySharing
VR1,Chrome 114.0,Chrome 114.0,2977,2023-06-19T11:26:13+00:00,https://api.us-west-4-i3er.saucelabs.com/rest/v1.1/jobs/758729bc4ba1491e9a6651ab9eca7b99,72,2023-06-19T11:27:26+00:00,No Error,758729bc4ba1491e9a6651ab9eca7b99,test_DA2639_Error_Message_Displayed_For_Multiple_Invalid_Usernames,Windows,Windows 10,mittalp21,2023-06-19T11:26:14+00:00,passed,test_v5_7_2,946,AssaySharing
VR1,Firefox 113.0,Firefox 113.0,2976,2023-06-19T11:21:05+00:00,https://api.us-west-4-i3er.saucelabs.com/rest/v1.1/jobs/d566e571e52a4d7dab089da737dff4c8,254,2023-06-19T11:25:19+00:00,No Error,d566e571e52a4d7dab089da737dff4c8,test_DA1558_NoLogin_UserCanSearchPublicAssay,Windows,Windows 10,mittalp21,2023-06-19T11:21:05+00:00,failed,test_v5_7_2,946,NoLoginTests
VR1,Chrome 114.0,Chrome 114.0,2976,2023-06-19T11:19:58+00:00,https://api.us-west-4-i3er.saucelabs.com/rest/v1.1/jobs/92e015b105254e289bc29bd9e7725b1e,70,2023-06-19T11:21:08+00:00,No Error,92e015b105254e289bc29bd9e7725b1e,test_DA1563_NoLogin_SearchAndEditName,Windows,Windows 10,mittalp21,2023-06-19T11:19:58+00:00,passed,test_v5_7_2,946,NoLoginTests
VR1,Edge 113.0,Edge 113.0,2976,2023-06-19T11:18:00+00:00,https://api.us-west-4-i3er.saucelabs.com/rest/v1.1/jobs/efa0b4c992594133bd13ab47958970d3,122,2023-06-19T11:20:02+00:00,No Error,efa0b4c992594133bd13ab47958970d3,test_DA1531_NoLogin_MUT_CreateBy_Identifier_Sequence,Windows,Windows 10,mittalp21,2023-06-19T11:18:00+00:00,failed,test_v5_7_2,946,NoLoginTests
VR1,Chrome 114.0,Chrome 114.0,2976,2023-06-19T11:16:11+00:00,https://api.us-west-4-i3er.saucelabs.com/rest/v1.1/jobs/9ce22b7d126e4506bc480e92c3153a32,110,2023-06-19T11:18:01+00:00,No Error,9ce22b7d126e4506bc480e92c3153a32,test_DA1560_NoLogin_MUT_SingleAssay,Windows,Windows 10,mittalp21,2023-06-19T11:16:11+00:00,failed,test_v5_7_2,946,NoLoginTests
VR1,Chrome 114.0,Chrome 114.0,2976,2023-06-19T11:14:41+00:00,https://api.us-west-4-i3er.saucelabs.com/rest/v1.1/jobs/1c2d0fd91f57487abc8f0ed64d7e9a83,92,2023-06-19T11:16:13+00:00,No Error,1c2d0fd91f57487abc8f0ed64d7e9a83,test_DA1534_NoLogin_GenomeEditDetection_SingleAssay,Windows,Windows 10,mittalp21,2023-06-19T11:14:41+00:00,failed,test_v5_7_2,946,NoLoginTests
VR1,Firefox 113.0,Firefox 113.0,2976,2023-06-19T11:14:14+00:00,https://api.us-west-4-i3er.saucelabs.com/rest/v1.1/jobs/79ced625e1a84065b1568b80c9ea5907,27,2023-06-19T11:14:43+00:00,No Error,79ced625e1a84065b1568b80c9ea5907,test_DA2514_NoLogin_GEX_Verify_Fluoro_RoxAtto_NotDisplayed,Windows,Windows 10,mittalp21,2023-06-19T11:14:16+00:00,passed,test_v5_7_2,946,NoLoginTests
VR1,Chrome 114.0,Chrome 114.0,2976,2023-06-19T11:11:52+00:00,https://api.us-west-4-i3er.saucelabs.com/rest/v1.1/jobs/babf9b0958534844beca076b4442f3f0,144,2023-06-19T11:14:16+00:00,No Error,babf9b0958534844beca076b4442f3f0,test_DA1532_NoLogin_GEX_Add_MultiTargets_VerifyCart,Windows,Windows 10,mittalp21,2023-06-19T11:11:52+00:00,failed,test_v5_7_2,946,NoLoginTests
VR1,Chrome 114.0,Chrome 114.0,2976,2023-06-19T11:09:59+00:00,https://api.us-west-4-i3er.saucelabs.com/rest/v1.1/jobs/017d9eda5e294571858faa8676c469d0,116,2023-06-19T11:11:56+00:00,No Error,017d9eda5e294571858faa8676c469d0,test_DA1536_NoLogin_HematologicCancer_SingleAssay,Windows,Windows 10,mittalp21,2023-06-19T11:10:00+00:00,failed,test_v5_7_2,946,NoLoginTests
VR1,Firefox 113.0,Firefox 113.0,2976,2023-06-19T11:07:21+00:00,https://api.us-west-4-i3er.saucelabs.com/rest/v1.1/jobs/f8d3d6c0c9044d71aff2e12439b28952,161,2023-06-19T11:10:02+00:00,No Error,f8d3d6c0c9044d71aff2e12439b28952,test_DA1562_NoLogin_ExpertDesign_CCN_SingleAssay,Windows,Windows 10,mittalp21,2023-06-19T11:07:21+00:00,failed,test_v5_7_2,946,NoLoginTests
VR1,Chrome 114.0,Chrome 114.0,2976,2023-06-19T11:05:01+00:00,https://api.us-west-4-i3er.saucelabs.com/rest/v1.1/jobs/8e3fb925fc8141d88c7fb960facfbf54,142,2023-06-19T11:07:24+00:00,No Error,8e3fb925fc8141d88c7fb960facfbf54,test_DA1537_NoLogin_ExpertDesign_SingleAssay,Windows,Windows 10,mittalp21,2023-06-19T11:05:02+00:00,failed,test_v5_7_2,946,NoLoginTests
VR1,Chrome 114.0,Chrome 114.0,2976,2023-06-19T11:03:31+00:00,https://api.us-west-4-i3er.saucelabs.com/rest/v1.1/jobs/848d0ce881bf4f3980d16fabffa259c2,94,2023-06-19T11:05:05+00:00,No Error,848d0ce881bf4f3980d16fabffa259c2,test_DA1533_DA1560_NoLogin_CND_MultiAssays,Windows,Windows 10,mittalp21,2023-06-19T11:03:31+00:00,failed,test_v5_7_2,946,NoLoginTests
VR1,Chrome 114.0,Chrome 114.0,2976,2023-06-19T11:01:31+00:00,https://api.us-west-4-i3er.saucelabs.com/rest/v1.1/jobs/92c5d76748144d7f9d7a05b5791c7444,122,2023-06-19T11:03:34+00:00,No Error,92c5d76748144d7f9d7a05b5791c7444,test_DA1535_DA1530_NoLogin_CGT_SingleAssay,Windows,Windows 10,mittalp21,2023-06-19T11:01:32+00:00,failed,test_v5_7_2,946,NoLoginTests
VR1,Chrome 114.0,Chrome 114.0,2976,2023-06-19T11:00:05+00:00,https://api.us-west-4-i3er.saucelabs.com/rest/v1.1/jobs/cdfa7786b2e340c2844edac7649c5625,88,2023-06-19T11:01:34+00:00,No Error,cdfa7786b2e340c2844edac7649c5625,test_DA1538_BatchUploadAssays,Windows,Windows 10,mittalp21,2023-06-19T11:00:06+00:00,failed,test_v5_7_2,946,NoLoginTests
VR1,Edge 113.0,Edge 113.0,2976,2023-06-19T10:58:44+00:00,https://api.us-west-4-i3er.saucelabs.com/rest/v1.1/jobs/402e8e8f46cd452e943c047447e1a839,85,2023-06-19T11:00:09+00:00,No Error,402e8e8f46cd452e943c047447e1a839,test_DA3872_NoLoginAbleToSubmitAndViewResults,Windows,Windows 10,mittalp21,2023-06-19T10:58:44+00:00,passed,test_v5_7_2,946,NoLoginTests
VR1,Safari 14.0,Safari 14.0,2976,2023-06-19T10:57:44+00:00,https://api.us-west-4-i3er.saucelabs.com/rest/v1.1/jobs/5d14a804f93045558b44dda3239aeec3,64,2023-06-19T10:58:48+00:00,No Error,5d14a804f93045558b44dda3239aeec3,test_DA3865_Verify_AccessAndInputSupportedAssaysInformation,macOS Big,macOS Big Sur,mittalp21,2023-06-19T10:57:44+00:00,passed,test_v5_7_2,946,NoLoginTests
VR1,Chrome 114.0,Chrome 114.0,2976,2023-06-19T10:56:47+00:00,https://api.us-west-4-i3er.saucelabs.com/rest/v1.1/jobs/9b1b7cafdf0b4253a9773bfc8126df73,59,2023-06-19T10:57:47+00:00,No Error,9b1b7cafdf0b4253a9773bfc8126df73,test_DA3733_UserNeedsLogInToSelectFromAssays,Windows,Windows 10,mittalp21,2023-06-19T10:56:48+00:00,passed,test_v5_7_2,946,NoLoginTests
VR1,Edge 113.0,Edge 113.0,2976,2023-06-19T10:55:10+00:00,https://api.us-west-4-i3er.saucelabs.com/rest/v1.1/jobs/c51297b1c16b495683624654a14c9925,99,2023-06-19T10:56:50+00:00,No Error,c51297b1c16b495683624654a14c9925,test_DA1559_NoLogin_UnableToViewPrivateAssay_ByAssayId,Windows,Windows 10,mittalp21,2023-06-19T10:55:11+00:00,failed,test_v5_7_2,946,NoLoginTests
VR1,Firefox 113.0,Firefox 113.0,2976,2023-06-19T10:54:23+00:00,https://api.us-west-4-i3er.saucelabs.com/rest/v1.1/jobs/c6364ba43d874997baa9110f18d1177c,48,2023-06-19T10:55:12+00:00,No Error,c6364ba43d874997baa9110f18d1177c,test_DA1635_NoLogin_Access_AssayHomePage,Windows,Windows 10,mittalp21,2023-06-19T10:54:24+00:00,passed,test_v5_7_2,946,NoLoginTests
VR1,Chrome 114.0,Chrome 114.0,2976,2023-06-19T10:53:16+00:00,https://api.us-west-4-i3er.saucelabs.com/rest/v1.1/jobs/7760c73809aa44a4853debac89f1af54,69,2023-06-19T10:54:26+00:00,No Error,7760c73809aa44a4853debac89f1af54,test_DA1677_NoLogin_Access_AssayDetails,Windows,Windows 10,mittalp21,2023-06-19T10:53:17+00:00,passed,test_v5_7_2,946,NoLoginTests
VR1,Edge 113.0,Edge 113.0,2975,2023-06-19T10:49:43+00:00,https://api.us-west-4-i3er.saucelabs.com/rest/v1.1/jobs/c04c837f96474b15b36a37e636426f2d,171,2023-06-19T10:52:35+00:00,No Error,c04c837f96474b15b36a37e636426f2d,test_DA3618_BrowseCuratedList_Verify_FCPageCarouselNav,Windows,Windows 10,mittalp21,2023-06-19T10:49:44+00:00,passed,test_v5_7_2,946,BrowseCuratedTests
VR1,Firefox 113.0,Firefox 113.0,2975,2023-06-19T10:47:16+00:00,https://api.us-west-4-i3er.saucelabs.com/rest/v1.1/jobs/3502a42a17ee4a33af5e67ca5834b888,150,2023-06-19T10:49:47+00:00,No Error,3502a42a17ee4a33af5e67ca5834b888,test_DA3331_WastewaterSurveillance_Add_Verify_MultiAssays,Windows,Windows 10,mittalp21,2023-06-19T10:47:17+00:00,failed,test_v5_7_2,946,BrowseCuratedTests
VR1,Chrome 114.0,Chrome 114.0,2975,2023-06-19T10:41:49+00:00,https://api.us-west-4-i3er.saucelabs.com/rest/v1.1/jobs/e0f1e14cb4834b75bb30a530ccad0795,329,2023-06-19T10:47:19+00:00,No Error,e0f1e14cb4834b75bb30a530ccad0795,test_DA1416_InfectiousDisease_Add_Verify_MultiAssays_Part2,Windows,Windows 10,mittalp21,2023-06-19T10:41:50+00:00,failed,test_v5_7_2,946,BrowseCuratedTests
VR1,Chrome 114.0,Chrome 114.0,2975,2023-06-19T10:37:30+00:00,https://api.us-west-4-i3er.saucelabs.com/rest/v1.1/jobs/51d77944a9954d03a92ceb66ae529bb7,241,2023-06-19T10:41:51+00:00,No Error,51d77944a9954d03a92ceb66ae529bb7,test_DA1416_InfectiousDisease_Add_Verify_MultiAssays_Part1,Windows,Windows 10,mittalp21,2023-06-19T10:37:50+00:00,failed,test_v5_7_2,946,BrowseCuratedTests
VR1,Firefox 113.0,Firefox 113.0,2975,2023-06-19T10:36:36+00:00,https://api.us-west-4-i3er.saucelabs.com/rest/v1.1/jobs/375f25745bb049b988265f399215efb1,57,2023-06-19T10:37:34+00:00,No Error,375f25745bb049b988265f399215efb1,test_DA1356_Hematologic_UI_Verification,Windows,Windows 10,mittalp21,2023-06-19T10:36:37+00:00,passed,test_v5_7_2,946,BrowseCuratedTests
VR1,Chrome 114.0,Chrome 114.0,2975,2023-06-19T10:34:03+00:00,https://api.us-west-4-i3er.saucelabs.com/rest/v1.1/jobs/a8d9f1c4466d4566915c9f8e1909c504,155,2023-06-19T10:36:38+00:00,No Error,a8d9f1c4466d4566915c9f8e1909c504,test_DA1683_Hematologic_AddMultiAssays_VerifyDocs,Windows,Windows 10,mittalp21,2023-06-19T10:34:03+00:00,failed,test_v5_7_2,946,BrowseCuratedTests
VR1,Firefox 113.0,Firefox 113.0,2975,2023-06-19T10:32:10+00:00,https://api.us-west-4-i3er.saucelabs.com/rest/v1.1/jobs/7a309085c7224f6ea65b925f4c2293e4,114,2023-06-19T10:34:06+00:00,No Error,7a309085c7224f6ea65b925f4c2293e4,test_DA1311_Verify_wastewater_assays_with_degenerate_basis,Windows,Windows 10,mittalp21,2023-06-19T10:32:12+00:00,failed,test_v5_7_2,946,BrowseCuratedTests
VR1,Chrome 114.0,Chrome 114.0,2975,2023-06-19T10:26:15+00:00,https://api.us-west-4-i3er.saucelabs.com/rest/v1.1/jobs/5a7df2cf6ec347aba1768cf070220c7e,356,2023-06-19T10:32:14+00:00,No Error,5a7df2cf6ec347aba1768cf070220c7e,test_DA1687_ExpertDesign_AddMultiAssays_VerifyDocs,Windows,Windows 10,mittalp21,2023-06-19T10:26:18+00:00,failed,test_v5_7_2,946,BrowseCuratedTests
VR1,Firefox 113.0,Firefox 113.0,2975,2023-06-19T10:17:09+00:00,https://api.us-west-4-i3er.saucelabs.com/rest/v1.1/jobs/e452916ba4f6475fb03f47040045080d,549,2023-06-19T10:26:19+00:00,No Error,e452916ba4f6475fb03f47040045080d,test_DA1419_verify_CGTCuratedIncludesLentiviralExpertDesigns_Part2,Windows,Windows 10,mittalp21,2023-06-19T10:17:10+00:00,failed,test_v5_7_2,946,BrowseCuratedTests
VR1,Chrome 114.0,Chrome 114.0,2975,2023-06-19T10:09:40+00:00,https://api.us-west-4-i3er.saucelabs.com/rest/v1.1/jobs/eef8c5b3c0854793ad4152c8e21afdb6,452,2023-06-19T10:17:13+00:00,No Error,eef8c5b3c0854793ad4152c8e21afdb6,test_DA1419_verify_CGTCuratedIncludesLentiviralExpertDesigns_Part1,Windows,Windows 10,mittalp21,2023-06-19T10:09:41+00:00,failed,test_v5_7_2,946,BrowseCuratedTests
VR1,Edge 113.0,Edge 113.0,2974,2023-06-19T10:07:11+00:00,https://api.us-west-4-i3er.saucelabs.com/rest/v1.1/jobs/4c4188e131e54ff59a5ada3adc526353,99,2023-06-19T10:08:51+00:00,No Error,4c4188e131e54ff59a5ada3adc526353,test_DA3038_VerifyAllAssayTypeButtonsInhomePage,Windows,Windows 10,mittalp21,2023-06-19T10:07:12+00:00,passed,test_v5_7_2,946,SearchTests
VR1,Firefox 113.0,Firefox 113.0,2974,2023-06-19T10:05:43+00:00,https://api.us-west-4-i3er.saucelabs.com/rest/v1.1/jobs/38816823c4b94f509345b915f04c96f0,89,2023-06-19T10:07:14+00:00,No Error,38816823c4b94f509345b915f04c96f0,test_DA1168_SearchByInputText_CosmicID,Windows,Windows 10,mittalp21,2023-06-19T10:05:45+00:00,failed,test_v5_7_2,946,SearchTests
VR1,Chrome 114.0,Chrome 114.0,2974,2023-06-19T10:02:23+00:00,https://api.us-west-4-i3er.saucelabs.com/rest/v1.1/jobs/97915c49d2fc4557a9cdf6e473f276d8,206,2023-06-19T10:05:49+00:00,No Error,97915c49d2fc4557a9cdf6e473f276d8,test_DA1354_ZoomGraphAndBlurBackground,Windows,Windows 10,mittalp21,2023-06-19T10:02:23+00:00,passed,test_v5_7_2,946,SearchTests
VR1,Safari 14.0,Safari 14.0,2974,2023-06-19T10:01:37+00:00,https://api.us-west-4-i3er.saucelabs.com/rest/v1.1/jobs/459441b4b6054cee8e9a7b1898db76b6,48,2023-06-19T10:02:26+00:00,No Error,459441b4b6054cee8e9a7b1898db76b6,test_DA1414_DA1688_Verify_SearchBarHoverState,macOS Big,macOS Big Sur,mittalp21,2023-06-19T10:01:38+00:00,passed,test_v5_7_2,946,SearchTests
VR1,Edge 113.0,Edge 113.0,2974,2023-06-19T09:58:34+00:00,https://api.us-west-4-i3er.saucelabs.com/rest/v1.1/jobs/3f81bc27608749d3b6b0847e9f4f6de8,186,2023-06-19T10:01:41+00:00,No Error,3f81bc27608749d3b6b0847e9f4f6de8,test_DA1482_Verify_ExpertDesignSearchDisplay,Windows,Windows 10,mittalp21,2023-06-19T09:58:35+00:00,failed,test_v5_7_2,946,SearchTests
VR1,Firefox 113.0,Firefox 113.0,2974,2023-06-19T09:56:36+00:00,https://api.us-west-4-i3er.saucelabs.com/rest/v1.1/jobs/d0c980409528409aa8942f8126db2b9b,120,2023-06-19T09:58:37+00:00,No Error,d0c980409528409aa8942f8126db2b9b,test_DA1636_DA1679_SearchByText_AddAndVerify_MyAssaysAndCart,Windows,Windows 10,mittalp21,2023-06-19T09:56:37+00:00,failed,test_v5_7_2,946,SearchTests
VR1,Chrome 114.0,Chrome 114.0,2974,2023-06-19T09:53:44+00:00,https://api.us-west-4-i3er.saucelabs.com/rest/v1.1/jobs/7d4bdc979ae345cf9ffc9e0e216b5849,173,2023-06-19T09:56:38+00:00,No Error,7d4bdc979ae345cf9ffc9e0e216b5849,test_DA1413_SearchByInputText,Windows,Windows 10,mittalp21,2023-06-19T09:53:45+00:00,passed,test_v5_7_2,946,SearchTests
VR1,Firefox 113.0,Firefox 113.0,2973,2023-06-19T09:50:56+00:00,https://api.us-west-4-i3er.saucelabs.com/rest/v1.1/jobs/d4cf345873db48ca84ee2754b11078e9,86,2023-06-19T09:52:24+00:00,No Error,d4cf345873db48ca84ee2754b11078e9,test_DA1187_verify_designGOIAssayWithBackboneAndFluorophore,Windows,Windows 10,mittalp21,2023-06-19T09:50:58+00:00,failed,test_v5_7_2,946,CellAndGeneTests
VR1,Chrome 114.0,Chrome 114.0,2973,2023-06-19T09:50:15+00:00,https://api.us-west-4-i3er.saucelabs.com/rest/v1.1/jobs/3ef0d35d98114e0eb236be82f5a10dc7,43,2023-06-19T09:50:59+00:00,No Error,3ef0d35d98114e0eb236be82f5a10dc7,test_DA2027_VerifyFluoro_CGT,Windows,Windows 10,mittalp21,2023-06-19T09:50:16+00:00,passed,test_v5_7_2,946,CellAndGeneTests
VR1,Safari 14.0,Safari 14.0,2973,2023-06-19T09:49:08+00:00,https://api.us-west-4-i3er.saucelabs.com/rest/v1.1/jobs/844b2a92baf34dabbf1f80956510747b,71,2023-06-19T09:50:19+00:00,No Error,844b2a92baf34dabbf1f80956510747b,test_DA1684_verify_CGTAssayDetailsDocuments,macOS Big,macOS Big Sur,mittalp21,2023-06-19T09:49:08+00:00,passed,test_v5_7_2,946,CellAndGeneTests
VR1,Edge 113.0,Edge 113.0,2973,2023-06-19T09:47:44+00:00,https://api.us-west-4-i3er.saucelabs.com/rest/v1.1/jobs/2b9bc8922f724664822c69a3a1990d03,84,2023-06-19T09:49:09+00:00,No Error,2b9bc8922f724664822c69a3a1990d03,test_DA907_verify_createCGTWithNoVectorBackboneAndCt5Cy55,Windows,Windows 10,mittalp21,2023-06-19T09:47:45+00:00,failed,test_v5_7_2,946,CellAndGeneTests
VR1,Chrome 114.0,Chrome 114.0,2973,2023-06-19T09:46:20+00:00,https://api.us-west-4-i3er.saucelabs.com/rest/v1.1/jobs/fd7147aa5f1c4c8d8e13c16dbb46a968,86,2023-06-19T09:47:47+00:00,No Error,fd7147aa5f1c4c8d8e13c16dbb46a968,test_DA1484_verify_createLentiviralAssay,Windows,Windows 10,mittalp21,2023-06-19T09:46:21+00:00,failed,test_v5_7_2,946,CellAndGeneTests
VR1,Firefox 113.0,Firefox 113.0,2973,2023-06-19T09:37:15+00:00,https://api.us-west-4-i3er.saucelabs.com/rest/v1.1/jobs/fe9140c215b845319c554c45f9767a90,546,2023-06-19T09:46:24+00:00,No Error,fe9140c215b845319c554c45f9767a90,test_DA1431_verify_CompatibilityBackboneAssays_AddMultiAssays,Windows,Windows 10,mittalp21,2023-06-19T09:37:18+00:00,passed,test_v5_7_2,946,CellAndGeneTests
VR1,Chrome 114.0,Chrome 114.0,2973,2023-06-19T09:35:55+00:00,https://api.us-west-4-i3er.saucelabs.com/rest/v1.1/jobs/8b5354f8eb13469f9abf3efa33e0e201,83,2023-06-19T09:37:18+00:00,No Error,8b5354f8eb13469f9abf3efa33e0e201,test_DA1417_DA1689_verify_createLentiviralAssay,Windows,Windows 10,mittalp21,2023-06-19T09:35:55+00:00,failed,test_v5_7_2,946,CellAndGeneTests
VR1,Firefox 113.0,Firefox 113.0,2972,2023-06-19T09:33:22+00:00,https://api.us-west-4-i3er.saucelabs.com/rest/v1.1/jobs/a1246b50e1d94f4596abf66662f825e6,114,2023-06-19T09:35:18+00:00,No Error,a1246b50e1d94f4596abf66662f825e6,test_DA2672_Verify_CNV_ATTO590_Sequence_MultiAssays,Windows,Windows 10,mittalp21,2023-06-19T09:33:24+00:00,failed,test_v5_7_2,946,CNDTests
VR1,Chrome 114.0,Chrome 114.0,2972,2023-06-19T09:31:45+00:00,https://api.us-west-4-i3er.saucelabs.com/rest/v1.1/jobs/d20904078b1e4659be962b9f95e49325,99,2023-06-19T09:33:24+00:00,No Error,d20904078b1e4659be962b9f95e49325,test_DA2517_DA2672_Verify_CNV_ROX_Sequence_MultiAssays,Windows,Windows 10,mittalp21,2023-06-19T09:31:45+00:00,failed,test_v5_7_2,946,CNDTests
VR1,Firefox 113.0,Firefox 113.0,2972,2023-06-19T09:26:26+00:00,https://api.us-west-4-i3er.saucelabs.com/rest/v1.1/jobs/a8a03f281d4040988b3f965712acd3e3,346,2023-06-19T09:32:12+00:00,No Error,a8a03f281d4040988b3f965712acd3e3,test_DA694_verify_CNDDifferentSequenceTypes,Windows,Windows 10,mittalp21,2023-06-19T09:26:26+00:00,passed,test_v5_7_2,946,CNDTests
VR1,Safari 14.0,Safari 14.0,2972,2023-06-19T09:25:07+00:00,https://api.us-west-4-i3er.saucelabs.com/rest/v1.1/jobs/972cc43f9fdf46eebf5d872d05ff13b4,82,2023-06-19T09:26:29+00:00,No Error,972cc43f9fdf46eebf5d872d05ff13b4,test_DA2028_VerifyFluoro_CND,macOS Big,macOS Big Sur,mittalp21,2023-06-19T09:25:07+00:00,passed,test_v5_7_2,946,CNDTests
VR1,Edge 113.0,Edge 113.0,2972,2023-06-19T09:23:40+00:00,https://api.us-west-4-i3er.saucelabs.com/rest/v1.1/jobs/3e0d72927c904d9894a4d4d1d036aa36,89,2023-06-19T09:25:10+00:00,No Error,3e0d72927c904d9894a4d4d1d036aa36,test_DA2580_DA2672_Verify_CNV_Atto590_Identifier_MultiAssays,Windows,Windows 10,mittalp21,2023-06-19T09:23:41+00:00,failed,test_v5_7_2,946,CNDTests
VR1,Firefox 113.0,Firefox 113.0,2972,2023-06-19T09:21:47+00:00,https://api.us-west-4-i3er.saucelabs.com/rest/v1.1/jobs/7843f45cea6d4bfba96ccb042007da0f,115,2023-06-19T09:23:44+00:00,No Error,7843f45cea6d4bfba96ccb042007da0f,test_DA2515_DA2672_Verify_CNV_ROX_Identifier_MultiAssays,Windows,Windows 10,mittalp21,2023-06-19T09:21:49+00:00,failed,test_v5_7_2,946,CNDTests
VR1,Chrome 114.0,Chrome 114.0,2972,2023-06-19T09:15:23+00:00,https://api.us-west-4-i3er.saucelabs.com/rest/v1.1/jobs/e9ffcea323d94ce3919690cb097dd71b,385,2023-06-19T09:21:49+00:00,No Error,e9ffcea323d94ce3919690cb097dd71b,test_DA1189_DesignCNDWithIdentifier,Windows,Windows 10,mittalp21,2023-06-19T09:15:24+00:00,passed,test_v5_7_2,946,CNDTests
VR1,Safari 14.0,Safari 14.0,2971,2023-06-19T09:12:29+00:00,https://api.us-west-4-i3er.saucelabs.com/rest/v1.1/jobs/989cc9331f62407b8572c85950cf26ea,127,2023-06-19T09:14:37+00:00,No Error,989cc9331f62407b8572c85950cf26ea,test_DA3072_Verify_GEX_ROX_Sequence_MultiAssays,macOS Big,macOS Big Sur,mittalp21,2023-06-19T09:12:30+00:00,failed,test_v5_7_2,946,GeneExpression_RegTests
VR1,Edge 113.0,Edge 113.0,2971,2023-06-19T09:10:51+00:00,https://api.us-west-4-i3er.saucelabs.com/rest/v1.1/jobs/404bfb9e260948d8b1431c567b6935af,100,2023-06-19T09:12:32+00:00,No Error,404bfb9e260948d8b1431c567b6935af,test_DA2535_Verify_GEX_ATTO590_Identifier_MultiAssays,Windows,Windows 10,mittalp21,2023-06-19T09:10:52+00:00,failed,test_v5_7_2,946,GeneExpression_RegTests
VR1,Firefox 113.0,Firefox 113.0,2971,2023-06-19T09:09:57+00:00,https://api.us-west-4-i3er.saucelabs.com/rest/v1.1/jobs/d740a55218674b798f97301344894266,56,2023-06-19T09:10:54+00:00,No Error,d740a55218674b798f97301344894266,test_DA1938_VerifyFluoro_RoxAtto590_TwoTube_Seq_MUT,Windows,Windows 10,mittalp21,2023-06-19T09:09:58+00:00,passed,test_v5_7_2,946,GeneExpression_RegTests
VR1,Chrome 114.0,Chrome 114.0,2971,2023-06-19T09:08:36+00:00,https://api.us-west-4-i3er.saucelabs.com/rest/v1.1/jobs/fd4de9e294914089a172ae1237f569e0,84,2023-06-19T09:10:00+00:00,No Error,fd4de9e294914089a172ae1237f569e0,test_DA2513_Verify_GEX_ROX_Sequence_MultiAssays,Windows,Windows 10,mittalp21,2023-06-19T09:08:36+00:00,failed,test_v5_7_2,946,GeneExpression_RegTests
VR1,Firefox 113.0,Firefox 113.0,2971,2023-06-19T09:07:30+00:00,https://api.us-west-4-i3er.saucelabs.com/rest/v1.1/jobs/369b34b27e3641599f9ea66df67a2ec2,67,2023-06-19T09:08:38+00:00,No Error,369b34b27e3641599f9ea66df67a2ec2,test_add_GeneExpressionUsingIdentifier,Windows,Windows 10,mittalp21,2023-06-19T09:07:31+00:00,passed,test_v5_7_2,946,GeneExpression_RegTests
VR1,Firefox 113.0,Firefox 113.0,2970,2023-06-19T09:05:32+00:00,https://api.us-west-4-i3er.saucelabs.com/rest/v1.1/jobs/999ac1452f654f68b9d5b6971ef16e52,69,2023-06-19T09:06:42+00:00,No Error,999ac1452f654f68b9d5b6971ef16e52,test_DA2676_GED_HDR_ErrorMessageDisplayed_DonorSeq,Windows,Windows 10,mittalp21,2023-06-19T09:05:33+00:00,passed,test_v5_7_2,946,GenomeEditDetection_RegTests
VR1,Chrome 114.0,Chrome 114.0,2970,2023-06-19T09:04:16+00:00,https://api.us-west-4-i3er.saucelabs.com/rest/v1.1/jobs/dfaf036dd42c4b118b788c3f00b8f9a1,78,2023-06-19T09:05:35+00:00,No Error,dfaf036dd42c4b118b788c3f00b8f9a1,test_add_GenomeEditDetectionUsingIdentifier,Windows,Windows 10,mittalp21,2023-06-19T09:04:17+00:00,passed,test_v5_7_2,946,GenomeEditDetection_RegTests
VR1,Edge 113.0,Edge 113.0,2969,2023-06-19T09:00:27+00:00,https://api.us-west-4-i3er.saucelabs.com/rest/v1.1/jobs/fb6c89fd87c04f38a9a493c532f70f84,166,2023-06-19T09:03:14+00:00,No Error,fb6c89fd87c04f38a9a493c532f70f84,test_DA2025_DA2023_MUT_ROXATTO590_SingleTube_Seq_and_Id,Windows,Windows 10,mittalp21,2023-06-19T09:00:28+00:00,failed,test_v5_7_2,946,MUTRegTests_Sequence
VR1,Chrome 114.0,Chrome 114.0,2969,2023-06-19T08:58:26+00:00,https://api.us-west-4-i3er.saucelabs.com/rest/v1.1/jobs/fbc3baaf5fcd46a48dc668eaa70888cc,123,2023-06-19T09:00:31+00:00,No Error,fbc3baaf5fcd46a48dc668eaa70888cc,test_DA1977_DA2020_DA2036_MUT_Dark_Sequence_MultiAssays,Windows,Windows 10,mittalp21,2023-06-19T08:58:28+00:00,failed,test_v5_7_2,946,MUTRegTests_Sequence
VR1,Firefox 113.0,Firefox 113.0,2969,2023-06-19T08:55:45+00:00,https://api.us-west-4-i3er.saucelabs.com/rest/v1.1/jobs/c6aca5b172484eae8bb5bd20b4ef984a,162,2023-06-19T08:58:28+00:00,No Error,c6aca5b172484eae8bb5bd20b4ef984a,test_DA1871_Verify_MUT_Cy5_Dark_Sequence_MultiAssays,Windows,Windows 10,mittalp21,2023-06-19T08:55:46+00:00,failed,test_v5_7_2,946,MUTRegTests_Sequence
VR1,Chrome 114.0,Chrome 114.0,2969,2023-06-19T08:53:37+00:00,https://api.us-west-4-i3er.saucelabs.com/rest/v1.1/jobs/1b065b7db8764bcb8e28df058d967795,132,2023-06-19T08:55:49+00:00,No Error,1b065b7db8764bcb8e28df058d967795,test_DA1872_Verify_MUT_Cy55_Dark_Sequence_MultiAssays,Windows,Windows 10,mittalp21,2023-06-19T08:53:37+00:00,failed,test_v5_7_2,946,MUTRegTests_Sequence
VR1,Safari 14.0,Safari 14.0,2969,2023-06-19T08:50:17+00:00,https://api.us-west-4-i3er.saucelabs.com/rest/v1.1/jobs/a781b26f01e84490a9fcf6472a96e3b2,201,2023-06-19T08:53:41+00:00,No Error,a781b26f01e84490a9fcf6472a96e3b2,test_DA1870_Verify_HEXDark_SingleTube_Seq_MultiAssays_MUT,macOS Big,macOS Big Sur,mittalp21,2023-06-19T08:50:20+00:00,failed,test_v5_7_2,946,MUTRegTests_Sequence
VR1,Edge 113.0,Edge 113.0,2969,2023-06-19T08:48:01+00:00,https://api.us-west-4-i3er.saucelabs.com/rest/v1.1/jobs/1138be5ec2bd48b6acd9642f11312886,140,2023-06-19T08:50:21+00:00,No Error,1138be5ec2bd48b6acd9642f11312886,test_DA1869_Verify_FAMDark_SingleTube_Seq_MultiAssays_MUT,Windows,Windows 10,mittalp21,2023-06-19T08:48:01+00:00,failed,test_v5_7_2,946,MUTRegTests_Sequence
VR1,Firefox 113.0,Firefox 113.0,2969,2023-06-19T08:45:28+00:00,https://api.us-west-4-i3er.saucelabs.com/rest/v1.1/jobs/5ae760bca97e427db869da51b44baa61,156,2023-06-19T08:48:04+00:00,No Error,5ae760bca97e427db869da51b44baa61,test_DA1874_Verify_ATTO590Dark_SingleTube_Seq_MultiAssays_MUT,Windows,Windows 10,mittalp21,2023-06-19T08:45:28+00:00,failed,test_v5_7_2,946,MUTRegTests_Sequence
VR1,Chrome 114.0,Chrome 114.0,2969,2023-06-19T08:43:08+00:00,https://api.us-west-4-i3er.saucelabs.com/rest/v1.1/jobs/ed4d3b8eebf048b699d628f94ea09de5,142,2023-06-19T08:45:31+00:00,No Error,ed4d3b8eebf048b699d628f94ea09de5,test_DA1873_Verify_ROXDark_SingleTube_Seq_MultiAssays_MUT,Windows,Windows 10,mittalp21,2023-06-19T08:43:09+00:00,failed,test_v5_7_2,946,MUTRegTests_Sequence
VR1,Safari 14.0,Safari 14.0,2969,2023-06-19T08:41:37+00:00,https://api.us-west-4-i3er.saucelabs.com/rest/v1.1/jobs/9b21040dc345445392723bd6c9707917,92,2023-06-19T08:43:11+00:00,No Error,9b21040dc345445392723bd6c9707917,test_DA1827_DA2149_Verify_AssaysAndDocs_SingleTube_Seq_MUT,macOS Big,macOS Big Sur,mittalp21,2023-06-19T08:41:39+00:00,failed,test_v5_7_2,946,MUTRegTests_Sequence
VR1,Edge 113.0,Edge 113.0,2969,2023-06-19T08:39:18+00:00,https://api.us-west-4-i3er.saucelabs.com/rest/v1.1/jobs/bc7a74e936244bc788b3ae34403ecd18,142,2023-06-19T08:41:41+00:00,No Error,bc7a74e936244bc788b3ae34403ecd18,test_DA1918_DA2026_AddVerify_RoxAtto590_TwoTube_Seq,Windows,Windows 10,mittalp21,2023-06-19T08:39:19+00:00,failed,test_v5_7_2,946,MUTRegTests_Sequence
VR1,Firefox 113.0,Firefox 113.0,2969,2023-06-19T08:38:21+00:00,https://api.us-west-4-i3er.saucelabs.com/rest/v1.1/jobs/b6f5cac09cfe41db8deec1acdbaf2925,60,2023-06-19T08:39:21+00:00,No Error,b6f5cac09cfe41db8deec1acdbaf2925,test_DA1919_VerifyFluoro_RoxAtto590_TwoTube_Seq_MUT,Windows,Windows 10,mittalp21,2023-06-19T08:38:21+00:00,passed,test_v5_7_2,946,MUTRegTests_Sequence
VR1,Firefox 113.0,Firefox 113.0,2969,2023-06-19T08:35:51+00:00,https://api.us-west-4-i3er.saucelabs.com/rest/v1.1/jobs/b23b1ba67f18476b8575b073600a44bf,151,2023-06-19T08:38:24+00:00,No Error,b23b1ba67f18476b8575b073600a44bf,test_DA1912_DA2150_AddVerify_RoxAtto590_SingleTube_Seq_MUT,Windows,Windows 10,mittalp21,2023-06-19T08:35:53+00:00,failed,test_v5_7_2,946,MUTRegTests_Sequence
VR1,Chrome 114.0,Chrome 114.0,2968,2023-06-19T08:33:07+00:00,https://api.us-west-4-i3er.saucelabs.com/rest/v1.1/jobs/f05d1a0083a34aab81e97629b520396d,106,2023-06-19T08:34:54+00:00,No Error,f05d1a0083a34aab81e97629b520396d,test_DA2674_MUT_Verify_LegacyAndReplacementID,Windows,Windows 10,mittalp21,2023-06-19T08:33:08+00:00,failed,test_v5_7_2,946,MUTRegTests_Identifier
VR1,Safari 14.0,Safari 14.0,2968,2023-06-19T08:32:19+00:00,https://api.us-west-4-i3er.saucelabs.com/rest/v1.1/jobs/60595bcfac3d4b6c88ea3571dbbed821,165,2023-06-19T08:35:40+00:00,Test did not see a new command for 150 seconds. Timing out.,60595bcfac3d4b6c88ea3571dbbed821,test_DA2000_MUT_Verify_ToolTipInfo,macOS Big,macOS Big Sur,mittalp21,2023-06-19T08:32:55+00:00,error,test_v5_7_2,946,MUTRegTests_Identifier
VR1,Edge 113.0,Edge 113.0,2968,2023-06-19T08:28:53+00:00,https://api.us-west-4-i3er.saucelabs.com/rest/v1.1/jobs/beee5b56fb334974b6abf04f7b6cb60a,209,2023-06-19T08:32:23+00:00,No Error,beee5b56fb334974b6abf04f7b6cb60a,test_DA2021_MUT_Sequence_and_Identifier_Dark,Windows,Windows 10,mittalp21,2023-06-19T08:28:54+00:00,failed,test_v5_7_2,946,MUTRegTests_Identifier
VR1,Firefox 113.0,Firefox 113.0,2968,2023-06-19T08:27:07+00:00,https://api.us-west-4-i3er.saucelabs.com/rest/v1.1/jobs/b3f2ef2f7e26434ea4d4565ccfae5a0f,105,2023-06-19T08:28:56+00:00,No Error,b3f2ef2f7e26434ea4d4565ccfae5a0f,test_DA2019_AddVerify_Atto590Dark_SingleTube_Identifier,Windows,Windows 10,mittalp21,2023-06-19T08:27:11+00:00,passed,test_v5_7_2,946,MUTRegTests_Identifier
VR1,Chrome 114.0,Chrome 114.0,2968,2023-06-19T08:26:11+00:00,https://api.us-west-4-i3er.saucelabs.com/rest/v1.1/jobs/81ec357148d047f0ab3d265dbb1fb172,55,2023-06-19T08:27:09+00:00,No Error,81ec357148d047f0ab3d265dbb1fb172,test_DA2148_MUT_Check_Both_Additional_Dyes,Windows,Windows 10,mittalp21,2023-06-19T08:26:14+00:00,passed,test_v5_7_2,946,MUTRegTests_Identifier
VR1,Safari 14.0,Safari 14.0,2968,2023-06-19T08:23:28+00:00,https://api.us-west-4-i3er.saucelabs.com/rest/v1.1/jobs/dbdf1d0b5edf42e4b7430b5287d53846,161,2023-06-19T08:26:15+00:00,No Error,dbdf1d0b5edf42e4b7430b5287d53846,test_DA2147_MUT_Sequence_and_Identifier,macOS Big,macOS Big Sur,mittalp21,2023-06-19T08:23:34+00:00,passed,test_v5_7_2,946,MUTRegTests_Identifier
VR1,Edge 113.0,Edge 113.0,2968,2023-06-19T08:21:56+00:00,https://api.us-west-4-i3er.saucelabs.com/rest/v1.1/jobs/34192adf94964eb196c4ce851ddf9793,93,2023-06-19T08:23:31+00:00,No Error,34192adf94964eb196c4ce851ddf9793,test_DA1961_AddVerify_MultiIdentifiers_RoxAtto590_MultiAssays,Windows,Windows 10,mittalp21,2023-06-19T08:21:58+00:00,failed,test_v5_7_2,946,MUTRegTests_Identifier
VR1,Firefox 113.0,Firefox 113.0,2968,2023-06-19T08:20:28+00:00,https://api.us-west-4-i3er.saucelabs.com/rest/v1.1/jobs/c07d28e94f25486a8e24b2f39313619e,90,2023-06-19T08:21:59+00:00,No Error,c07d28e94f25486a8e24b2f39313619e,test_DA1816_AddVerify_Cy55Dark_SingleTube_Identifier,Windows,Windows 10,mittalp21,2023-06-19T08:20:29+00:00,failed,test_v5_7_2,946,MUTRegTests_Identifier
VR1,Chrome 114.0,Chrome 114.0,2968,2023-06-19T08:19:09+00:00,https://api.us-west-4-i3er.saucelabs.com/rest/v1.1/jobs/6e7a05ba097240d5b96748e1713496d9,79,2023-06-19T08:20:30+00:00,No Error,6e7a05ba097240d5b96748e1713496d9,test_DA1815_AddVerify_Cy5Dark_SingleTube_Identifier,Windows,Windows 10,mittalp21,2023-06-19T08:19:11+00:00,failed,test_v5_7_2,946,MUTRegTests_Identifier
VR1,Safari 14.0,Safari 14.0,2968,2023-06-19T08:16:22+00:00,https://api.us-west-4-i3er.saucelabs.com/rest/v1.1/jobs/7264d494ea294722969bc96bb1929e33,114,2023-06-19T08:19:12+00:00,No Error,7264d494ea294722969bc96bb1929e33,test_DA1814_AddVerify_HEXDark_SingleTube_Identifier,macOS Big,macOS Big Sur,mittalp21,2023-06-19T08:17:18+00:00,failed,test_v5_7_2,946,MUTRegTests_Identifier
VR1,Edge 113.0,Edge 113.0,2968,2023-06-19T08:14:24+00:00,https://api.us-west-4-i3er.saucelabs.com/rest/v1.1/jobs/9c5f945547dc4e648221fcf400b1825e,119,2023-06-19T08:16:24+00:00,No Error,9c5f945547dc4e648221fcf400b1825e,test_DA1813_AddVerify_FAMDark_SingleTube_Identifier,Windows,Windows 10,mittalp21,2023-06-19T08:14:25+00:00,passed,test_v5_7_2,946,MUTRegTests_Identifier
VR1,Firefox 113.0,Firefox 113.0,2968,2023-06-19T08:13:11+00:00,https://api.us-west-4-i3er.saucelabs.com/rest/v1.1/jobs/8cf9d6d72c8147d790795336b8ad88f6,75,2023-06-19T08:14:27+00:00,No Error,8cf9d6d72c8147d790795336b8ad88f6,test_DA1817_AddVerify_RoxDark_SingleTube_Identifier,Windows,Windows 10,mittalp21,2023-06-19T08:13:12+00:00,failed,test_v5_7_2,946,MUTRegTests_Identifier
VR1,Chrome 114.0,Chrome 114.0,2968,2023-06-19T08:11:58+00:00,https://api.us-west-4-i3er.saucelabs.com/rest/v1.1/jobs/41466252854447cc9f2400f1891d7b47,74,2023-06-19T08:13:13+00:00,No Error,41466252854447cc9f2400f1891d7b47,test_DA1826_AddVerify_RoxAtto590_SingleTube_Identifier,Windows,Windows 10,mittalp21,2023-06-19T08:11:59+00:00,failed,test_v5_7_2,946,MUTRegTests_Identifier
VR1,Safari 14.0,Safari 14.0,2968,2023-06-19T08:10:54+00:00,https://api.us-west-4-i3er.saucelabs.com/rest/v1.1/jobs/fbdaaee640634beb857cfb3d1c1e63e2,67,2023-06-19T08:12:02+00:00,No Error,fbdaaee640634beb857cfb3d1c1e63e2,test_DA1917_Verify_DarkFF_TwoTube_Seq_MUT,macOS Big,macOS Big Sur,mittalp21,2023-06-19T08:10:55+00:00,passed,test_v5_7_2,946,MUTRegTests_Identifier
VR1,Edge 113.0,Edge 113.0,2968,2023-06-19T08:09:19+00:00,https://api.us-west-4-i3er.saucelabs.com/rest/v1.1/jobs/469054fbbb184c679dd363de5fe8c263,98,2023-06-19T08:10:58+00:00,No Error,469054fbbb184c679dd363de5fe8c263,test_DA1916_Verify_DarkFF_SingleTube_Identifier_MUT,Windows,Windows 10,mittalp21,2023-06-19T08:09:20+00:00,passed,test_v5_7_2,946,MUTRegTests_Identifier
VR1,Firefox 113.0,Firefox 113.0,2968,2023-06-19T08:08:22+00:00,https://api.us-west-4-i3er.saucelabs.com/rest/v1.1/jobs/04c366ccbf6240b0b21e70320d06e8af,59,2023-06-19T08:09:22+00:00,No Error,04c366ccbf6240b0b21e70320d06e8af,test_DA1913_DA1914_Verify_ToolTipInfo_FluroSingleTube_MUT,Windows,Windows 10,mittalp21,2023-06-19T08:08:23+00:00,passed,test_v5_7_2,946,MUTRegTests_Identifier
VR1,Chrome 114.0,Chrome 114.0,2968,2023-06-19T08:07:00+00:00,https://api.us-west-4-i3er.saucelabs.com/rest/v1.1/jobs/a1eed4e289964d45b0bd02fe6be3717f,83,2023-06-19T08:08:24+00:00,No Error,a1eed4e289964d45b0bd02fe6be3717f,test_DA747_AddSingleAssay_MUT,Windows,Windows 10,mittalp21,2023-06-19T08:07:01+00:00,failed,test_v5_7_2,946,MUTRegTests_Identifier
VR1,Firefox 113.0,Firefox 113.0,2980,2023-06-19T12:15:45+00:00,https://api.us-west-4-i3er.saucelabs.com/rest/v1.1/jobs/f0380f323b8a472db9039333cb3de31c,59,2023-06-19T12:16:45+00:00,No Error,f0380f323b8a472db9039333cb3de31c,test_shareBuildResult,Windows,Windows 10,mittalp21,2023-06-19T12:15:46+00:00,passed,test_v5_7_1,946,EmailNotification
VR1,Firefox 113.0,Firefox 113.0,2979,2023-06-19T12:13:06+00:00,https://api.us-west-4-i3er.saucelabs.com/rest/v1.1/jobs/4cb4dac085d9424680cfc814e9feda6f,96,2023-06-19T12:14:43+00:00,No Error,4cb4dac085d9424680cfc814e9feda6f,test_DA3783_Verify_ResultsAreDisplayedAfterRun,Windows,Windows 10,mittalp21,2023-06-19T12:13:07+00:00,passed,test_v5_7_1,946,AssayMultiplexingCheck
VR1,Firefox 113.0,Firefox 113.0,2979,2023-06-19T12:12:11+00:00,https://api.us-west-4-i3er.saucelabs.com/rest/v1.1/jobs/3bf2c9f770cc42aeaa2182e417c58e99,58,2023-06-19T12:13:09+00:00,No Error,3bf2c9f770cc42aeaa2182e417c58e99,test_DA3727_Verify_ErrMsgForUnsupportedAppTypes,Windows,Windows 10,mittalp21,2023-06-19T12:12:11+00:00,passed,test_v5_7_1,946,AssayMultiplexingCheck
VR1,Chrome 114.0,Chrome 114.0,2979,2023-06-19T12:10:54+00:00,https://api.us-west-4-i3er.saucelabs.com/rest/v1.1/jobs/cfd25213fc3e4542955dfa2a9fd5769b,80,2023-06-19T12:12:15+00:00,No Error,cfd25213fc3e4542955dfa2a9fd5769b,test_DA3745_Verify_SoftWarningDisplayedWhenSameFluor,Windows,Windows 10,mittalp21,2023-06-19T12:10:55+00:00,failed,test_v5_7_1,946,AssayMultiplexingCheck
VR1,Safari 14.0,Safari 14.0,2978,2023-06-19T12:06:07+00:00,https://api.us-west-4-i3er.saucelabs.com/rest/v1.1/jobs/7c60dcd25d6c465d8176077408cc8416,229,2023-06-19T12:09:57+00:00,No Error,7c60dcd25d6c465d8176077408cc8416,test_DA3291_Verify_CreatedRetiredAssay,macOS Big,macOS Big Sur,mittalp21,2023-06-19T12:06:08+00:00,failed,test_v5_7_1,946,AssayManagementTests
VR1,Edge 113.0,Edge 113.0,2978,2023-06-19T12:03:09+00:00,https://api.us-west-4-i3er.saucelabs.com/rest/v1.1/jobs/4771ee800a0e466ca2c4b2a10e081fc0,179,2023-06-19T12:06:09+00:00,No Error,4771ee800a0e466ca2c4b2a10e081fc0,test_DA3294_Verify_RetiredAssay_TabsHide_NoBuyOptions_WetLabValidated,Windows,Windows 10,mittalp21,2023-06-19T12:03:10+00:00,passed,test_v5_7_1,946,AssayManagementTests
VR1,Firefox 113.0,Firefox 113.0,2978,2023-06-19T11:59:55+00:00,https://api.us-west-4-i3er.saucelabs.com/rest/v1.1/jobs/cda2c091395e4c39a0628ea5b69275c9,198,2023-06-19T12:03:14+00:00,No Error,cda2c091395e4c39a0628ea5b69275c9,test_DA3309_Verify_Search_Candidates_For_Retirement,Windows,Windows 10,mittalp21,2023-06-19T11:59:56+00:00,passed,test_v5_7_1,946,AssayManagementTests
VR1,Chrome 114.0,Chrome 114.0,2978,2023-06-19T11:56:15+00:00,https://api.us-west-4-i3er.saucelabs.com/rest/v1.1/jobs/49793e911c7a4f34aa55d07d5b317e3a,225,2023-06-19T12:00:01+00:00,No Error,49793e911c7a4f34aa55d07d5b317e3a,test_DA3169_Verify_Search_By_Genome,Windows,Windows 10,mittalp21,2023-06-19T11:56:16+00:00,passed,test_v5_7_1,946,AssayManagementTests
VR1,Safari 14.0,Safari 14.0,2978,2023-06-19T11:55:02+00:00,https://api.us-west-4-i3er.saucelabs.com/rest/v1.1/jobs/87d789420d4645dd85caec9a85d5b4a9,77,2023-06-19T11:56:20+00:00,No Error,87d789420d4645dd85caec9a85d5b4a9,test_DA3156_Verify_FromRetRequest_SetBackToActive,macOS Big,macOS Big Sur,mittalp21,2023-06-19T11:55:03+00:00,passed,test_v5_7_1,946,AssayManagementTests
VR1,Edge 113.0,Edge 113.0,2978,2023-06-19T11:52:39+00:00,https://api.us-west-4-i3er.saucelabs.com/rest/v1.1/jobs/771747e550774820b87e4a34cb67a0a5,149,2023-06-19T11:55:09+00:00,No Error,771747e550774820b87e4a34cb67a0a5,test_DA3268_Verify_ErrorForInvalidReplacementId,Windows,Windows 10,mittalp21,2023-06-19T11:52:40+00:00,passed,test_v5_7_1,946,AssayManagementTests
VR1,Firefox 113.0,Firefox 113.0,2978,2023-06-19T11:49:47+00:00,https://api.us-west-4-i3er.saucelabs.com/rest/v1.1/jobs/b0cdb5e71167487889c7ec06bc7e80c5,175,2023-06-19T11:52:43+00:00,No Error,b0cdb5e71167487889c7ec06bc7e80c5,test_DA3164_Verify_Search_By_Identifier,Windows,Windows 10,mittalp21,2023-06-19T11:49:48+00:00,passed,test_v5_7_1,946,AssayManagementTests
VR1,Chrome 114.0,Chrome 114.0,2978,2023-06-19T11:47:46+00:00,https://api.us-west-4-i3er.saucelabs.com/rest/v1.1/jobs/2a63879b8c594adfa4790848abaab6fb,124,2023-06-19T11:49:51+00:00,No Error,2a63879b8c594adfa4790848abaab6fb,test_DA3245_Verify_RequestForRetire_WithId,Windows,Windows 10,mittalp21,2023-06-19T11:47:47+00:00,passed,test_v5_7_1,946,AssayManagementTests
VR1,Safari 14.0,Safari 14.0,2978,2023-06-19T11:45:29+00:00,https://api.us-west-4-i3er.saucelabs.com/rest/v1.1/jobs/928bea22c1cc41deac4d9ce3523c3be3,143,2023-06-19T11:47:53+00:00,No Error,928bea22c1cc41deac4d9ce3523c3be3,test_DA3148_Verify_RequestForRetire_WithoutId,macOS Big,macOS Big Sur,mittalp21,2023-06-19T11:45:30+00:00,passed,test_v5_7_1,946,AssayManagementTests
VR1,Edge 113.0,Edge 113.0,2978,2023-06-19T11:42:25+00:00,https://api.us-west-4-i3er.saucelabs.com/rest/v1.1/jobs/fe78a9cf2c0f44acae1b3ffe8ab46715,187,2023-06-19T11:45:33+00:00,No Error,fe78a9cf2c0f44acae1b3ffe8ab46715,test_DA3313_Verify_RequestForRet_Retirement_SetActive_WithId,Windows,Windows 10,mittalp21,2023-06-19T11:42:26+00:00,passed,test_v5_7_1,946,AssayManagementTests
VR1,Firefox 113.0,Firefox 113.0,2978,2023-06-19T11:39:44+00:00,https://api.us-west-4-i3er.saucelabs.com/rest/v1.1/jobs/73cab0a306394298a7be4c17feb11b65,165,2023-06-19T11:42:30+00:00,No Error,73cab0a306394298a7be4c17feb11b65,test_DA3161_DA3314_Verify_RequestForRet_Retirement_SetActive_WithoutId,Windows,Windows 10,mittalp21,2023-06-19T11:39:45+00:00,passed,test_v5_7_1,946,AssayManagementTests
VR1,Chrome 114.0,Chrome 114.0,2978,2023-06-19T11:37:28+00:00,https://api.us-west-4-i3er.saucelabs.com/rest/v1.1/jobs/9f6d514761d14fcb8b6c283485717a61,139,2023-06-19T11:39:48+00:00,No Error,9f6d514761d14fcb8b6c283485717a61,test_DA3162_Verify_ListOfRetirementCandidates,Windows,Windows 10,mittalp21,2023-06-19T11:37:29+00:00,passed,test_v5_7_1,946,AssayManagementTests
VR1,Chrome 114.0,Chrome 114.0,2977,2023-06-19T11:32:56+00:00,https://api.us-west-4-i3er.saucelabs.com/rest/v1.1/jobs/4d63f01b27cf4589ac1e32e2ff7756b5,214,2023-06-19T11:36:30+00:00,No Error,4d63f01b27cf4589ac1e32e2ff7756b5,test_DA2627_SameAndNewAssays_SharedToMulti_Users,Windows,Windows 10,mittalp21,2023-06-19T11:32:56+00:00,passed,test_v5_7_1,946,AssaySharing
VR1,Edge 113.0,Edge 113.0,2977,2023-06-19T11:30:34+00:00,https://api.us-west-4-i3er.saucelabs.com/rest/v1.1/jobs/5025a844e2b449fc898d5d4295d72f5e,144,2023-06-19T11:32:59+00:00,No Error,5025a844e2b449fc898d5d4295d72f5e,test_DA2652_Error_Message_Displayed_For_Multiple_Invalid_Usernames,Windows,Windows 10,mittalp21,2023-06-19T11:30:35+00:00,failed,test_v5_7_1,946,AssaySharing
VR1,Firefox 113.0,Firefox 113.0,2977,2023-06-19T11:27:24+00:00,https://api.us-west-4-i3er.saucelabs.com/rest/v1.1/jobs/e0779a9d1ee6454e8afe7da3de0ce974,195,2023-06-19T11:30:39+00:00,No Error,e0779a9d1ee6454e8afe7da3de0ce974,test_DA2631_User_Can_Share_Multiple_Public_Assays,Windows,Windows 10,mittalp21,2023-06-19T11:27:24+00:00,passed,test_v5_7_1,946,AssaySharing
VR1,Chrome 114.0,Chrome 114.0,2977,2023-06-19T11:26:13+00:00,https://api.us-west-4-i3er.saucelabs.com/rest/v1.1/jobs/758729bc4ba1491e9a6651ab9eca7b99,72,2023-06-19T11:27:26+00:00,No Error,758729bc4ba1491e9a6651ab9eca7b99,test_DA2639_Error_Message_Displayed_For_Multiple_Invalid_Usernames,Windows,Windows 10,mittalp21,2023-06-19T11:26:14+00:00,passed,test_v5_7_1,946,AssaySharing
VR1,Firefox 113.0,Firefox 113.0,2976,2023-06-19T11:21:05+00:00,https://api.us-west-4-i3er.saucelabs.com/rest/v1.1/jobs/d566e571e52a4d7dab089da737dff4c8,254,2023-06-19T11:25:19+00:00,No Error,d566e571e52a4d7dab089da737dff4c8,test_DA1558_NoLogin_UserCanSearchPublicAssay,Windows,Windows 10,mittalp21,2023-06-19T11:21:05+00:00,failed,test_v5_7_1,946,NoLoginTests
VR1,Chrome 114.0,Chrome 114.0,2976,2023-06-19T11:19:58+00:00,https://api.us-west-4-i3er.saucelabs.com/rest/v1.1/jobs/92e015b105254e289bc29bd9e7725b1e,70,2023-06-19T11:21:08+00:00,No Error,92e015b105254e289bc29bd9e7725b1e,test_DA1563_NoLogin_SearchAndEditName,Windows,Windows 10,mittalp21,2023-06-19T11:19:58+00:00,passed,test_v5_7_1,946,NoLoginTests
VR1,Edge 113.0,Edge 113.0,2976,2023-06-19T11:18:00+00:00,https://api.us-west-4-i3er.saucelabs.com/rest/v1.1/jobs/efa0b4c992594133bd13ab47958970d3,122,2023-06-19T11:20:02+00:00,No Error,efa0b4c992594133bd13ab47958970d3,test_DA1531_NoLogin_MUT_CreateBy_Identifier_Sequence,Windows,Windows 10,mittalp21,2023-06-19T11:18:00+00:00,failed,test_v5_7_1,946,NoLoginTests
VR1,Chrome 114.0,Chrome 114.0,2976,2023-06-19T11:16:11+00:00,https://api.us-west-4-i3er.saucelabs.com/rest/v1.1/jobs/9ce22b7d126e4506bc480e92c3153a32,110,2023-06-19T11:18:01+00:00,No Error,9ce22b7d126e4506bc480e92c3153a32,test_DA1560_NoLogin_MUT_SingleAssay,Windows,Windows 10,mittalp21,2023-06-19T11:16:11+00:00,failed,test_v5_7_1,946,NoLoginTests
VR1,Chrome 114.0,Chrome 114.0,2976,2023-06-19T11:14:41+00:00,https://api.us-west-4-i3er.saucelabs.com/rest/v1.1/jobs/1c2d0fd91f57487abc8f0ed64d7e9a83,92,2023-06-19T11:16:13+00:00,No Error,1c2d0fd91f57487abc8f0ed64d7e9a83,test_DA1534_NoLogin_GenomeEditDetection_SingleAssay,Windows,Windows 10,mittalp21,2023-06-19T11:14:41+00:00,failed,test_v5_7_1,946,NoLoginTests
VR1,Firefox 113.0,Firefox 113.0,2976,2023-06-19T11:14:14+00:00,https://api.us-west-4-i3er.saucelabs.com/rest/v1.1/jobs/79ced625e1a84065b1568b80c9ea5907,27,2023-06-19T11:14:43+00:00,No Error,79ced625e1a84065b1568b80c9ea5907,test_DA2514_NoLogin_GEX_Verify_Fluoro_RoxAtto_NotDisplayed,Windows,Windows 10,mittalp21,2023-06-19T11:14:16+00:00,passed,test_v5_7_1,946,NoLoginTests
VR1,Chrome 114.0,Chrome 114.0,2976,2023-06-19T11:11:52+00:00,https://api.us-west-4-i3er.saucelabs.com/rest/v1.1/jobs/babf9b0958534844beca076b4442f3f0,144,2023-06-19T11:14:16+00:00,No Error,babf9b0958534844beca076b4442f3f0,test_DA1532_NoLogin_GEX_Add_MultiTargets_VerifyCart,Windows,Windows 10,mittalp21,2023-06-19T11:11:52+00:00,failed,test_v5_7_1,946,NoLoginTests
VR1,Chrome 114.0,Chrome 114.0,2976,2023-06-19T11:09:59+00:00,https://api.us-west-4-i3er.saucelabs.com/rest/v1.1/jobs/017d9eda5e294571858faa8676c469d0,116,2023-06-19T11:11:56+00:00,No Error,017d9eda5e294571858faa8676c469d0,test_DA1536_NoLogin_HematologicCancer_SingleAssay,Windows,Windows 10,mittalp21,2023-06-19T11:10:00+00:00,failed,test_v5_7_1,946,NoLoginTests
VR1,Firefox 113.0,Firefox 113.0,2976,2023-06-19T11:07:21+00:00,https://api.us-west-4-i3er.saucelabs.com/rest/v1.1/jobs/f8d3d6c0c9044d71aff2e12439b28952,161,2023-06-19T11:10:02+00:00,No Error,f8d3d6c0c9044d71aff2e12439b28952,test_DA1562_NoLogin_ExpertDesign_CCN_SingleAssay,Windows,Windows 10,mittalp21,2023-06-19T11:07:21+00:00,failed,test_v5_7_1,946,NoLoginTests
VR1,Chrome 114.0,Chrome 114.0,2976,2023-06-19T11:05:01+00:00,https://api.us-west-4-i3er.saucelabs.com/rest/v1.1/jobs/8e3fb925fc8141d88c7fb960facfbf54,142,2023-06-19T11:07:24+00:00,No Error,8e3fb925fc8141d88c7fb960facfbf54,test_DA1537_NoLogin_ExpertDesign_SingleAssay,Windows,Windows 10,mittalp21,2023-06-19T11:05:02+00:00,failed,test_v5_7_1,946,NoLoginTests
VR1,Chrome 114.0,Chrome 114.0,2976,2023-06-19T11:03:31+00:00,https://api.us-west-4-i3er.saucelabs.com/rest/v1.1/jobs/848d0ce881bf4f3980d16fabffa259c2,94,2023-06-19T11:05:05+00:00,No Error,848d0ce881bf4f3980d16fabffa259c2,test_DA1533_DA1560_NoLogin_CND_MultiAssays,Windows,Windows 10,mittalp21,2023-06-19T11:03:31+00:00,failed,test_v5_7_1,946,NoLoginTests
VR1,Chrome 114.0,Chrome 114.0,2976,2023-06-19T11:01:31+00:00,https://api.us-west-4-i3er.saucelabs.com/rest/v1.1/jobs/92c5d76748144d7f9d7a05b5791c7444,122,2023-06-19T11:03:34+00:00,No Error,92c5d76748144d7f9d7a05b5791c7444,test_DA1535_DA1530_NoLogin_CGT_SingleAssay,Windows,Windows 10,mittalp21,2023-06-19T11:01:32+00:00,failed,test_v5_7_1,946,NoLoginTests
VR1,Chrome 114.0,Chrome 114.0,2976,2023-06-19T11:00:05+00:00,https://api.us-west-4-i3er.saucelabs.com/rest/v1.1/jobs/cdfa7786b2e340c2844edac7649c5625,88,2023-06-19T11:01:34+00:00,No Error,cdfa7786b2e340c2844edac7649c5625,test_DA1538_BatchUploadAssays,Windows,Windows 10,mittalp21,2023-06-19T11:00:06+00:00,failed,test_v5_7_1,946,NoLoginTests
VR1,Edge 113.0,Edge 113.0,2976,2023-06-19T10:58:44+00:00,https://api.us-west-4-i3er.saucelabs.com/rest/v1.1/jobs/402e8e8f46cd452e943c047447e1a839,85,2023-06-19T11:00:09+00:00,No Error,402e8e8f46cd452e943c047447e1a839,test_DA3872_NoLoginAbleToSubmitAndViewResults,Windows,Windows 10,mittalp21,2023-06-19T10:58:44+00:00,passed,test_v5_7_1,946,NoLoginTests
VR1,Safari 14.0,Safari 14.0,2976,2023-06-19T10:57:44+00:00,https://api.us-west-4-i3er.saucelabs.com/rest/v1.1/jobs/5d14a804f93045558b44dda3239aeec3,64,2023-06-19T10:58:48+00:00,No Error,5d14a804f93045558b44dda3239aeec3,test_DA3865_Verify_AccessAndInputSupportedAssaysInformation,macOS Big,macOS Big Sur,mittalp21,2023-06-19T10:57:44+00:00,passed,test_v5_7_1,946,NoLoginTests
VR1,Chrome 114.0,Chrome 114.0,2976,2023-06-19T10:56:47+00:00,https://api.us-west-4-i3er.saucelabs.com/rest/v1.1/jobs/9b1b7cafdf0b4253a9773bfc8126df73,59,2023-06-19T10:57:47+00:00,No Error,9b1b7cafdf0b4253a9773bfc8126df73,test_DA3733_UserNeedsLogInToSelectFromAssays,Windows,Windows 10,mittalp21,2023-06-19T10:56:48+00:00,passed,test_v5_7_1,946,NoLoginTests
VR1,Edge 113.0,Edge 113.0,2976,2023-06-19T10:55:10+00:00,https://api.us-west-4-i3er.saucelabs.com/rest/v1.1/jobs/c51297b1c16b495683624654a14c9925,99,2023-06-19T10:56:50+00:00,No Error,c51297b1c16b495683624654a14c9925,test_DA1559_NoLogin_UnableToViewPrivateAssay_ByAssayId,Windows,Windows 10,mittalp21,2023-06-19T10:55:11+00:00,failed,test_v5_7_1,946,NoLoginTests
VR1,Firefox 113.0,Firefox 113.0,2976,2023-06-19T10:54:23+00:00,https://api.us-west-4-i3er.saucelabs.com/rest/v1.1/jobs/c6364ba43d874997baa9110f18d1177c,48,2023-06-19T10:55:12+00:00,No Error,c6364ba43d874997baa9110f18d1177c,test_DA1635_NoLogin_Access_AssayHomePage,Windows,Windows 10,mittalp21,2023-06-19T10:54:24+00:00,passed,test_v5_7_1,946,NoLoginTests
VR1,Chrome 114.0,Chrome 114.0,2976,2023-06-19T10:53:16+00:00,https://api.us-west-4-i3er.saucelabs.com/rest/v1.1/jobs/7760c73809aa44a4853debac89f1af54,69,2023-06-19T10:54:26+00:00,No Error,7760c73809aa44a4853debac89f1af54,test_DA1677_NoLogin_Access_AssayDetails,Windows,Windows 10,mittalp21,2023-06-19T10:53:17+00:00,passed,test_v5_7_1,946,NoLoginTests
VR1,Edge 113.0,Edge 113.0,2975,2023-06-19T10:49:43+00:00,https://api.us-west-4-i3er.saucelabs.com/rest/v1.1/jobs/c04c837f96474b15b36a37e636426f2d,171,2023-06-19T10:52:35+00:00,No Error,c04c837f96474b15b36a37e636426f2d,test_DA3618_BrowseCuratedList_Verify_FCPageCarouselNav,Windows,Windows 10,mittalp21,2023-06-19T10:49:44+00:00,passed,test_v5_7_1,946,BrowseCuratedTests
VR1,Firefox 113.0,Firefox 113.0,2975,2023-06-19T10:47:16+00:00,https://api.us-west-4-i3er.saucelabs.com/rest/v1.1/jobs/3502a42a17ee4a33af5e67ca5834b888,150,2023-06-19T10:49:47+00:00,No Error,3502a42a17ee4a33af5e67ca5834b888,test_DA3331_WastewaterSurveillance_Add_Verify_MultiAssays,Windows,Windows 10,mittalp21,2023-06-19T10:47:17+00:00,failed,test_v5_7_1,946,BrowseCuratedTests
VR1,Chrome 114.0,Chrome 114.0,2975,2023-06-19T10:41:49+00:00,https://api.us-west-4-i3er.saucelabs.com/rest/v1.1/jobs/e0f1e14cb4834b75bb30a530ccad0795,329,2023-06-19T10:47:19+00:00,No Error,e0f1e14cb4834b75bb30a530ccad0795,test_DA1416_InfectiousDisease_Add_Verify_MultiAssays_Part2,Windows,Windows 10,mittalp21,2023-06-19T10:41:50+00:00,failed,test_v5_7_1,946,BrowseCuratedTests
VR1,Chrome 114.0,Chrome 114.0,2975,2023-06-19T10:37:30+00:00,https://api.us-west-4-i3er.saucelabs.com/rest/v1.1/jobs/51d77944a9954d03a92ceb66ae529bb7,241,2023-06-19T10:41:51+00:00,No Error,51d77944a9954d03a92ceb66ae529bb7,test_DA1416_InfectiousDisease_Add_Verify_MultiAssays_Part1,Windows,Windows 10,mittalp21,2023-06-19T10:37:50+00:00,failed,test_v5_7_1,946,BrowseCuratedTests
VR1,Firefox 113.0,Firefox 113.0,2975,2023-06-19T10:36:36+00:00,https://api.us-west-4-i3er.saucelabs.com/rest/v1.1/jobs/375f25745bb049b988265f399215efb1,57,2023-06-19T10:37:34+00:00,No Error,375f25745bb049b988265f399215efb1,test_DA1356_Hematologic_UI_Verification,Windows,Windows 10,mittalp21,2023-06-19T10:36:37+00:00,passed,test_v5_7_1,946,BrowseCuratedTests
VR1,Chrome 114.0,Chrome 114.0,2975,2023-06-19T10:34:03+00:00,https://api.us-west-4-i3er.saucelabs.com/rest/v1.1/jobs/a8d9f1c4466d4566915c9f8e1909c504,155,2023-06-19T10:36:38+00:00,No Error,a8d9f1c4466d4566915c9f8e1909c504,test_DA1683_Hematologic_AddMultiAssays_VerifyDocs,Windows,Windows 10,mittalp21,2023-06-19T10:34:03+00:00,failed,test_v5_7_1,946,BrowseCuratedTests
VR1,Firefox 113.0,Firefox 113.0,2975,2023-06-19T10:32:10+00:00,https://api.us-west-4-i3er.saucelabs.com/rest/v1.1/jobs/7a309085c7224f6ea65b925f4c2293e4,114,2023-06-19T10:34:06+00:00,No Error,7a309085c7224f6ea65b925f4c2293e4,test_DA1311_Verify_wastewater_assays_with_degenerate_basis,Windows,Windows 10,mittalp21,2023-06-19T10:32:12+00:00,failed,test_v5_7_1,946,BrowseCuratedTests
VR1,Chrome 114.0,Chrome 114.0,2975,2023-06-19T10:26:15+00:00,https://api.us-west-4-i3er.saucelabs.com/rest/v1.1/jobs/5a7df2cf6ec347aba1768cf070220c7e,356,2023-06-19T10:32:14+00:00,No Error,5a7df2cf6ec347aba1768cf070220c7e,test_DA1687_ExpertDesign_AddMultiAssays_VerifyDocs,Windows,Windows 10,mittalp21,2023-06-19T10:26:18+00:00,failed,test_v5_7_1,946,BrowseCuratedTests
VR1,Firefox 113.0,Firefox 113.0,2975,2023-06-19T10:17:09+00:00,https://api.us-west-4-i3er.saucelabs.com/rest/v1.1/jobs/e452916ba4f6475fb03f47040045080d,549,2023-06-19T10:26:19+00:00,No Error,e452916ba4f6475fb03f47040045080d,test_DA1419_verify_CGTCuratedIncludesLentiviralExpertDesigns_Part2,Windows,Windows 10,mittalp21,2023-06-19T10:17:10+00:00,failed,test_v5_7_1,946,BrowseCuratedTests
VR1,Chrome 114.0,Chrome 114.0,2975,2023-06-19T10:09:40+00:00,https://api.us-west-4-i3er.saucelabs.com/rest/v1.1/jobs/eef8c5b3c0854793ad4152c8e21afdb6,452,2023-06-19T10:17:13+00:00,No Error,eef8c5b3c0854793ad4152c8e21afdb6,test_DA1419_verify_CGTCuratedIncludesLentiviralExpertDesigns_Part1,Windows,Windows 10,mittalp21,2023-06-19T10:09:41+00:00,failed,test_v5_7_1,946,BrowseCuratedTests
VR1,Edge 113.0,Edge 113.0,2974,2023-06-19T10:07:11+00:00,https://api.us-west-4-i3er.saucelabs.com/rest/v1.1/jobs/4c4188e131e54ff59a5ada3adc526353,99,2023-06-19T10:08:51+00:00,No Error,4c4188e131e54ff59a5ada3adc526353,test_DA3038_VerifyAllAssayTypeButtonsInhomePage,Windows,Windows 10,mittalp21,2023-06-19T10:07:12+00:00,passed,test_v5_7_1,946,SearchTests
VR1,Firefox 113.0,Firefox 113.0,2974,2023-06-19T10:05:43+00:00,https://api.us-west-4-i3er.saucelabs.com/rest/v1.1/jobs/38816823c4b94f509345b915f04c96f0,89,2023-06-19T10:07:14+00:00,No Error,38816823c4b94f509345b915f04c96f0,test_DA1168_SearchByInputText_CosmicID,Windows,Windows 10,mittalp21,2023-06-19T10:05:45+00:00,failed,test_v5_7_1,946,SearchTests
VR1,Chrome 114.0,Chrome 114.0,2974,2023-06-19T10:02:23+00:00,https://api.us-west-4-i3er.saucelabs.com/rest/v1.1/jobs/97915c49d2fc4557a9cdf6e473f276d8,206,2023-06-19T10:05:49+00:00,No Error,97915c49d2fc4557a9cdf6e473f276d8,test_DA1354_ZoomGraphAndBlurBackground,Windows,Windows 10,mittalp21,2023-06-19T10:02:23+00:00,passed,test_v5_7_1,946,SearchTests
VR1,Safari 14.0,Safari 14.0,2974,2023-06-19T10:01:37+00:00,https://api.us-west-4-i3er.saucelabs.com/rest/v1.1/jobs/459441b4b6054cee8e9a7b1898db76b6,48,2023-06-19T10:02:26+00:00,No Error,459441b4b6054cee8e9a7b1898db76b6,test_DA1414_DA1688_Verify_SearchBarHoverState,macOS Big,macOS Big Sur,mittalp21,2023-06-19T10:01:38+00:00,passed,test_v5_7_1,946,SearchTests
VR1,Edge 113.0,Edge 113.0,2974,2023-06-19T09:58:34+00:00,https://api.us-west-4-i3er.saucelabs.com/rest/v1.1/jobs/3f81bc27608749d3b6b0847e9f4f6de8,186,2023-06-19T10:01:41+00:00,No Error,3f81bc27608749d3b6b0847e9f4f6de8,test_DA1482_Verify_ExpertDesignSearchDisplay,Windows,Windows 10,mittalp21,2023-06-19T09:58:35+00:00,failed,test_v5_7_1,946,SearchTests
VR1,Firefox 113.0,Firefox 113.0,2974,2023-06-19T09:56:36+00:00,https://api.us-west-4-i3er.saucelabs.com/rest/v1.1/jobs/d0c980409528409aa8942f8126db2b9b,120,2023-06-19T09:58:37+00:00,No Error,d0c980409528409aa8942f8126db2b9b,test_DA1636_DA1679_SearchByText_AddAndVerify_MyAssaysAndCart,Windows,Windows 10,mittalp21,2023-06-19T09:56:37+00:00,failed,test_v5_7_1,946,SearchTests
VR1,Chrome 114.0,Chrome 114.0,2974,2023-06-19T09:53:44+00:00,https://api.us-west-4-i3er.saucelabs.com/rest/v1.1/jobs/7d4bdc979ae345cf9ffc9e0e216b5849,173,2023-06-19T09:56:38+00:00,No Error,7d4bdc979ae345cf9ffc9e0e216b5849,test_DA1413_SearchByInputText,Windows,Windows 10,mittalp21,2023-06-19T09:53:45+00:00,passed,test_v5_7_1,946,SearchTests
VR1,Firefox 113.0,Firefox 113.0,2973,2023-06-19T09:50:56+00:00,https://api.us-west-4-i3er.saucelabs.com/rest/v1.1/jobs/d4cf345873db48ca84ee2754b11078e9,86,2023-06-19T09:52:24+00:00,No Error,d4cf345873db48ca84ee2754b11078e9,test_DA1187_verify_designGOIAssayWithBackboneAndFluorophore,Windows,Windows 10,mittalp21,2023-06-19T09:50:58+00:00,failed,test_v5_7_1,946,CellAndGeneTests
VR1,Chrome 114.0,Chrome 114.0,2973,2023-06-19T09:50:15+00:00,https://api.us-west-4-i3er.saucelabs.com/rest/v1.1/jobs/3ef0d35d98114e0eb236be82f5a10dc7,43,2023-06-19T09:50:59+00:00,No Error,3ef0d35d98114e0eb236be82f5a10dc7,test_DA2027_VerifyFluoro_CGT,Windows,Windows 10,mittalp21,2023-06-19T09:50:16+00:00,passed,test_v5_7_1,946,CellAndGeneTests
VR1,Safari 14.0,Safari 14.0,2973,2023-06-19T09:49:08+00:00,https://api.us-west-4-i3er.saucelabs.com/rest/v1.1/jobs/844b2a92baf34dabbf1f80956510747b,71,2023-06-19T09:50:19+00:00,No Error,844b2a92baf34dabbf1f80956510747b,test_DA1684_verify_CGTAssayDetailsDocuments,macOS Big,macOS Big Sur,mittalp21,2023-06-19T09:49:08+00:00,passed,test_v5_7_1,946,CellAndGeneTests
VR1,Edge 113.0,Edge 113.0,2973,2023-06-19T09:47:44+00:00,https://api.us-west-4-i3er.saucelabs.com/rest/v1.1/jobs/2b9bc8922f724664822c69a3a1990d03,84,2023-06-19T09:49:09+00:00,No Error,2b9bc8922f724664822c69a3a1990d03,test_DA907_verify_createCGTWithNoVectorBackboneAndCt5Cy55,Windows,Windows 10,mittalp21,2023-06-19T09:47:45+00:00,failed,test_v5_7_1,946,CellAndGeneTests
VR1,Chrome 114.0,Chrome 114.0,2973,2023-06-19T09:46:20+00:00,https://api.us-west-4-i3er.saucelabs.com/rest/v1.1/jobs/fd7147aa5f1c4c8d8e13c16dbb46a968,86,2023-06-19T09:47:47+00:00,No Error,fd7147aa5f1c4c8d8e13c16dbb46a968,test_DA1484_verify_createLentiviralAssay,Windows,Windows 10,mittalp21,2023-06-19T09:46:21+00:00,failed,test_v5_7_1,946,CellAndGeneTests
VR1,Firefox 113.0,Firefox 113.0,2973,2023-06-19T09:37:15+00:00,https://api.us-west-4-i3er.saucelabs.com/rest/v1.1/jobs/fe9140c215b845319c554c45f9767a90,546,2023-06-19T09:46:24+00:00,No Error,fe9140c215b845319c554c45f9767a90,test_DA1431_verify_CompatibilityBackboneAssays_AddMultiAssays,Windows,Windows 10,mittalp21,2023-06-19T09:37:18+00:00,passed,test_v5_7_1,946,CellAndGeneTests
VR1,Chrome 114.0,Chrome 114.0,2973,2023-06-19T09:35:55+00:00,https://api.us-west-4-i3er.saucelabs.com/rest/v1.1/jobs/8b5354f8eb13469f9abf3efa33e0e201,83,2023-06-19T09:37:18+00:00,No Error,8b5354f8eb13469f9abf3efa33e0e201,test_DA1417_DA1689_verify_createLentiviralAssay,Windows,Windows 10,mittalp21,2023-06-19T09:35:55+00:00,failed,test_v5_7_1,946,CellAndGeneTests
VR1,Firefox 113.0,Firefox 113.0,2972,2023-06-19T09:33:22+00:00,https://api.us-west-4-i3er.saucelabs.com/rest/v1.1/jobs/a1246b50e1d94f4596abf66662f825e6,114,2023-06-19T09:35:18+00:00,No Error,a1246b50e1d94f4596abf66662f825e6,test_DA2672_Verify_CNV_ATTO590_Sequence_MultiAssays,Windows,Windows 10,mittalp21,2023-06-19T09:33:24+00:00,failed,test_v5_7_1,946,CNDTests
VR1,Chrome 114.0,Chrome 114.0,2972,2023-06-19T09:31:45+00:00,https://api.us-west-4-i3er.saucelabs.com/rest/v1.1/jobs/d20904078b1e4659be962b9f95e49325,99,2023-06-19T09:33:24+00:00,No Error,d20904078b1e4659be962b9f95e49325,test_DA2517_DA2672_Verify_CNV_ROX_Sequence_MultiAssays,Windows,Windows 10,mittalp21,2023-06-19T09:31:45+00:00,failed,test_v5_7_1,946,CNDTests
VR1,Firefox 113.0,Firefox 113.0,2972,2023-06-19T09:26:26+00:00,https://api.us-west-4-i3er.saucelabs.com/rest/v1.1/jobs/a8a03f281d4040988b3f965712acd3e3,346,2023-06-19T09:32:12+00:00,No Error,a8a03f281d4040988b3f965712acd3e3,test_DA694_verify_CNDDifferentSequenceTypes,Windows,Windows 10,mittalp21,2023-06-19T09:26:26+00:00,passed,test_v5_7_1,946,CNDTests
VR1,Safari 14.0,Safari 14.0,2972,2023-06-19T09:25:07+00:00,https://api.us-west-4-i3er.saucelabs.com/rest/v1.1/jobs/972cc43f9fdf46eebf5d872d05ff13b4,82,2023-06-19T09:26:29+00:00,No Error,972cc43f9fdf46eebf5d872d05ff13b4,test_DA2028_VerifyFluoro_CND,macOS Big,macOS Big Sur,mittalp21,2023-06-19T09:25:07+00:00,passed,test_v5_7_1,946,CNDTests
VR1,Edge 113.0,Edge 113.0,2972,2023-06-19T09:23:40+00:00,https://api.us-west-4-i3er.saucelabs.com/rest/v1.1/jobs/3e0d72927c904d9894a4d4d1d036aa36,89,2023-06-19T09:25:10+00:00,No Error,3e0d72927c904d9894a4d4d1d036aa36,test_DA2580_DA2672_Verify_CNV_Atto590_Identifier_MultiAssays,Windows,Windows 10,mittalp21,2023-06-19T09:23:41+00:00,failed,test_v5_7_1,946,CNDTests
VR1,Firefox 113.0,Firefox 113.0,2972,2023-06-19T09:21:47+00:00,https://api.us-west-4-i3er.saucelabs.com/rest/v1.1/jobs/7843f45cea6d4bfba96ccb042007da0f,115,2023-06-19T09:23:44+00:00,No Error,7843f45cea6d4bfba96ccb042007da0f,test_DA2515_DA2672_Verify_CNV_ROX_Identifier_MultiAssays,Windows,Windows 10,mittalp21,2023-06-19T09:21:49+00:00,failed,test_v5_7_1,946,CNDTests
VR1,Chrome 114.0,Chrome 114.0,2972,2023-06-19T09:15:23+00:00,https://api.us-west-4-i3er.saucelabs.com/rest/v1.1/jobs/e9ffcea323d94ce3919690cb097dd71b,385,2023-06-19T09:21:49+00:00,No Error,e9ffcea323d94ce3919690cb097dd71b,test_DA1189_DesignCNDWithIdentifier,Windows,Windows 10,mittalp21,2023-06-19T09:15:24+00:00,passed,test_v5_7_1,946,CNDTests
VR1,Safari 14.0,Safari 14.0,2971,2023-06-19T09:12:29+00:00,https://api.us-west-4-i3er.saucelabs.com/rest/v1.1/jobs/989cc9331f62407b8572c85950cf26ea,127,2023-06-19T09:14:37+00:00,No Error,989cc9331f62407b8572c85950cf26ea,test_DA3072_Verify_GEX_ROX_Sequence_MultiAssays,macOS Big,macOS Big Sur,mittalp21,2023-06-19T09:12:30+00:00,failed,test_v5_7_1,946,GeneExpression_RegTests
VR1,Edge 113.0,Edge 113.0,2971,2023-06-19T09:10:51+00:00,https://api.us-west-4-i3er.saucelabs.com/rest/v1.1/jobs/404bfb9e260948d8b1431c567b6935af,100,2023-06-19T09:12:32+00:00,No Error,404bfb9e260948d8b1431c567b6935af,test_DA2535_Verify_GEX_ATTO590_Identifier_MultiAssays,Windows,Windows 10,mittalp21,2023-06-19T09:10:52+00:00,failed,test_v5_7_1,946,GeneExpression_RegTests
VR1,Firefox 113.0,Firefox 113.0,2971,2023-06-19T09:09:57+00:00,https://api.us-west-4-i3er.saucelabs.com/rest/v1.1/jobs/d740a55218674b798f97301344894266,56,2023-06-19T09:10:54+00:00,No Error,d740a55218674b798f97301344894266,test_DA1938_VerifyFluoro_RoxAtto590_TwoTube_Seq_MUT,Windows,Windows 10,mittalp21,2023-06-19T09:09:58+00:00,passed,test_v5_7_1,946,GeneExpression_RegTests
VR1,Chrome 114.0,Chrome 114.0,2971,2023-06-19T09:08:36+00:00,https://api.us-west-4-i3er.saucelabs.com/rest/v1.1/jobs/fd4de9e294914089a172ae1237f569e0,84,2023-06-19T09:10:00+00:00,No Error,fd4de9e294914089a172ae1237f569e0,test_DA2513_Verify_GEX_ROX_Sequence_MultiAssays,Windows,Windows 10,mittalp21,2023-06-19T09:08:36+00:00,failed,test_v5_7_1,946,GeneExpression_RegTests
VR1,Firefox 113.0,Firefox 113.0,2971,2023-06-19T09:07:30+00:00,https://api.us-west-4-i3er.saucelabs.com/rest/v1.1/jobs/369b34b27e3641599f9ea66df67a2ec2,67,2023-06-19T09:08:38+00:00,No Error,369b34b27e3641599f9ea66df67a2ec2,test_add_GeneExpressionUsingIdentifier,Windows,Windows 10,mittalp21,2023-06-19T09:07:31+00:00,passed,test_v5_7_1,946,GeneExpression_RegTests
VR1,Firefox 113.0,Firefox 113.0,2970,2023-06-19T09:05:32+00:00,https://api.us-west-4-i3er.saucelabs.com/rest/v1.1/jobs/999ac1452f654f68b9d5b6971ef16e52,69,2023-06-19T09:06:42+00:00,No Error,999ac1452f654f68b9d5b6971ef16e52,test_DA2676_GED_HDR_ErrorMessageDisplayed_DonorSeq,Windows,Windows 10,mittalp21,2023-06-19T09:05:33+00:00,passed,test_v5_7_1,946,GenomeEditDetection_RegTests
VR1,Chrome 114.0,Chrome 114.0,2970,2023-06-19T09:04:16+00:00,https://api.us-west-4-i3er.saucelabs.com/rest/v1.1/jobs/dfaf036dd42c4b118b788c3f00b8f9a1,78,2023-06-19T09:05:35+00:00,No Error,dfaf036dd42c4b118b788c3f00b8f9a1,test_add_GenomeEditDetectionUsingIdentifier,Windows,Windows 10,mittalp21,2023-06-19T09:04:17+00:00,passed,test_v5_7_1,946,GenomeEditDetection_RegTests
VR1,Edge 113.0,Edge 113.0,2969,2023-06-19T09:00:27+00:00,https://api.us-west-4-i3er.saucelabs.com/rest/v1.1/jobs/fb6c89fd87c04f38a9a493c532f70f84,166,2023-06-19T09:03:14+00:00,No Error,fb6c89fd87c04f38a9a493c532f70f84,test_DA2025_DA2023_MUT_ROXATTO590_SingleTube_Seq_and_Id,Windows,Windows 10,mittalp21,2023-06-19T09:00:28+00:00,failed,test_v5_7_1,946,MUTRegTests_Sequence
VR1,Chrome 114.0,Chrome 114.0,2969,2023-06-19T08:58:26+00:00,https://api.us-west-4-i3er.saucelabs.com/rest/v1.1/jobs/fbc3baaf5fcd46a48dc668eaa70888cc,123,2023-06-19T09:00:31+00:00,No Error,fbc3baaf5fcd46a48dc668eaa70888cc,test_DA1977_DA2020_DA2036_MUT_Dark_Sequence_MultiAssays,Windows,Windows 10,mittalp21,2023-06-19T08:58:28+00:00,failed,test_v5_7_1,946,MUTRegTests_Sequence
VR1,Firefox 113.0,Firefox 113.0,2969,2023-06-19T08:55:45+00:00,https://api.us-west-4-i3er.saucelabs.com/rest/v1.1/jobs/c6aca5b172484eae8bb5bd20b4ef984a,162,2023-06-19T08:58:28+00:00,No Error,c6aca5b172484eae8bb5bd20b4ef984a,test_DA1871_Verify_MUT_Cy5_Dark_Sequence_MultiAssays,Windows,Windows 10,mittalp21,2023-06-19T08:55:46+00:00,failed,test_v5_7_1,946,MUTRegTests_Sequence
VR1,Chrome 114.0,Chrome 114.0,2969,2023-06-19T08:53:37+00:00,https://api.us-west-4-i3er.saucelabs.com/rest/v1.1/jobs/1b065b7db8764bcb8e28df058d967795,132,2023-06-19T08:55:49+00:00,No Error,1b065b7db8764bcb8e28df058d967795,test_DA1872_Verify_MUT_Cy55_Dark_Sequence_MultiAssays,Windows,Windows 10,mittalp21,2023-06-19T08:53:37+00:00,failed,test_v5_7_1,946,MUTRegTests_Sequence
VR1,Safari 14.0,Safari 14.0,2969,2023-06-19T08:50:17+00:00,https://api.us-west-4-i3er.saucelabs.com/rest/v1.1/jobs/a781b26f01e84490a9fcf6472a96e3b2,201,2023-06-19T08:53:41+00:00,No Error,a781b26f01e84490a9fcf6472a96e3b2,test_DA1870_Verify_HEXDark_SingleTube_Seq_MultiAssays_MUT,macOS Big,macOS Big Sur,mittalp21,2023-06-19T08:50:20+00:00,failed,test_v5_7_1,946,MUTRegTests_Sequence
VR1,Edge 113.0,Edge 113.0,2969,2023-06-19T08:48:01+00:00,https://api.us-west-4-i3er.saucelabs.com/rest/v1.1/jobs/1138be5ec2bd48b6acd9642f11312886,140,2023-06-19T08:50:21+00:00,No Error,1138be5ec2bd48b6acd9642f11312886,test_DA1869_Verify_FAMDark_SingleTube_Seq_MultiAssays_MUT,Windows,Windows 10,mittalp21,2023-06-19T08:48:01+00:00,failed,test_v5_7_1,946,MUTRegTests_Sequence
VR1,Firefox 113.0,Firefox 113.0,2969,2023-06-19T08:45:28+00:00,https://api.us-west-4-i3er.saucelabs.com/rest/v1.1/jobs/5ae760bca97e427db869da51b44baa61,156,2023-06-19T08:48:04+00:00,No Error,5ae760bca97e427db869da51b44baa61,test_DA1874_Verify_ATTO590Dark_SingleTube_Seq_MultiAssays_MUT,Windows,Windows 10,mittalp21,2023-06-19T08:45:28+00:00,failed,test_v5_7_1,946,MUTRegTests_Sequence
VR1,Chrome 114.0,Chrome 114.0,2969,2023-06-19T08:43:08+00:00,https://api.us-west-4-i3er.saucelabs.com/rest/v1.1/jobs/ed4d3b8eebf048b699d628f94ea09de5,142,2023-06-19T08:45:31+00:00,No Error,ed4d3b8eebf048b699d628f94ea09de5,test_DA1873_Verify_ROXDark_SingleTube_Seq_MultiAssays_MUT,Windows,Windows 10,mittalp21,2023-06-19T08:43:09+00:00,failed,test_v5_7_1,946,MUTRegTests_Sequence
VR1,Safari 14.0,Safari 14.0,2969,2023-06-19T08:41:37+00:00,https://api.us-west-4-i3er.saucelabs.com/rest/v1.1/jobs/9b21040dc345445392723bd6c9707917,92,2023-06-19T08:43:11+00:00,No Error,9b21040dc345445392723bd6c9707917,test_DA1827_DA2149_Verify_AssaysAndDocs_SingleTube_Seq_MUT,macOS Big,macOS Big Sur,mittalp21,2023-06-19T08:41:39+00:00,failed,test_v5_7_1,946,MUTRegTests_Sequence
VR1,Edge 113.0,Edge 113.0,2969,2023-06-19T08:39:18+00:00,https://api.us-west-4-i3er.saucelabs.com/rest/v1.1/jobs/bc7a74e936244bc788b3ae34403ecd18,142,2023-06-19T08:41:41+00:00,No Error,bc7a74e936244bc788b3ae34403ecd18,test_DA1918_DA2026_AddVerify_RoxAtto590_TwoTube_Seq,Windows,Windows 10,mittalp21,2023-06-19T08:39:19+00:00,failed,test_v5_7_1,946,MUTRegTests_Sequence
VR1,Firefox 113.0,Firefox 113.0,2969,2023-06-19T08:38:21+00:00,https://api.us-west-4-i3er.saucelabs.com/rest/v1.1/jobs/b6f5cac09cfe41db8deec1acdbaf2925,60,2023-06-19T08:39:21+00:00,No Error,b6f5cac09cfe41db8deec1acdbaf2925,test_DA1919_VerifyFluoro_RoxAtto590_TwoTube_Seq_MUT,Windows,Windows 10,mittalp21,2023-06-19T08:38:21+00:00,passed,test_v5_7_1,946,MUTRegTests_Sequence
VR1,Firefox 113.0,Firefox 113.0,2969,2023-06-19T08:35:51+00:00,https://api.us-west-4-i3er.saucelabs.com/rest/v1.1/jobs/b23b1ba67f18476b8575b073600a44bf,151,2023-06-19T08:38:24+00:00,No Error,b23b1ba67f18476b8575b073600a44bf,test_DA1912_DA2150_AddVerify_RoxAtto590_SingleTube_Seq_MUT,Windows,Windows 10,mittalp21,2023-06-19T08:35:53+00:00,failed,test_v5_7_1,946,MUTRegTests_Sequence
VR1,Chrome 114.0,Chrome 114.0,2968,2023-06-19T08:33:07+00:00,https://api.us-west-4-i3er.saucelabs.com/rest/v1.1/jobs/f05d1a0083a34aab81e97629b520396d,106,2023-06-19T08:34:54+00:00,No Error,f05d1a0083a34aab81e97629b520396d,test_DA2674_MUT_Verify_LegacyAndReplacementID,Windows,Windows 10,mittalp21,2023-06-19T08:33:08+00:00,failed,test_v5_7_1,946,MUTRegTests_Identifier
VR1,Safari 14.0,Safari 14.0,2968,2023-06-19T08:32:19+00:00,https://api.us-west-4-i3er.saucelabs.com/rest/v1.1/jobs/60595bcfac3d4b6c88ea3571dbbed821,165,2023-06-19T08:35:40+00:00,Test did not see a new command for 150 seconds. Timing out.,60595bcfac3d4b6c88ea3571dbbed821,test_DA2000_MUT_Verify_ToolTipInfo,macOS Big,macOS Big Sur,mittalp21,2023-06-19T08:32:55+00:00,error,test_v5_7_1,946,MUTRegTests_Identifier
VR1,Edge 113.0,Edge 113.0,2968,2023-06-19T08:28:53+00:00,https://api.us-west-4-i3er.saucelabs.com/rest/v1.1/jobs/beee5b56fb334974b6abf04f7b6cb60a,209,2023-06-19T08:32:23+00:00,No Error,beee5b56fb334974b6abf04f7b6cb60a,test_DA2021_MUT_Sequence_and_Identifier_Dark,Windows,Windows 10,mittalp21,2023-06-19T08:28:54+00:00,failed,test_v5_7_1,946,MUTRegTests_Identifier